Fecha,Nombre Productos,Cantidad,Precios
07/12/2022,Agua Mineral Natural De Manantial Villavicencio 2 L,24,"$97,55"
07/12/2022,Agua Sin Gas Villavicencio 1.5 Ltr,36,"$121,84"
07/12/2022,Queso Cremon Light LA SERENISIMA X Kg,0.5,"$2.019,00"
07/12/2022,Gaseosa PASO DE LOS TOROS Botella 2.25 L,2.0,"$137,13"
07/12/2022,"Gaseosa SCHWEPPES Sin Azúcar Pomelo 2,25 Lt",2,"$230,67"
07/12/2022,"Gaseosa Coca-Cola Sin Azúcar 2,25 Lt",6,"$230,67"
07/12/2022,Pan Blanco BIMBO Artesano 500g,4,"$1.283,98"
07/12/2022,Servilletas Familiares X 1 Sussex Paq 140 Uni,2,"$3,32"
07/12/2022,Reggianito Xkg,0.5,"$2.389,00"
07/12/2022,Leche Descremada LA SERENISIMA 1% Sachet 1 L,10.0,"$215,28"
07/12/2022,Crema Leche Clásica P/Bati La Serenisi Sqa 520 Ml,1,"$1.227,11"
07/12/2022,Crema Leche Para Cocinar La Serenisima Ttb 520 Ml,1,"$1.130,59"
07/12/2022,P.Higienico S/H X 12 Rollo Felpita Paq 36 M2,2,"$32,99"
07/12/2022,Aceite Oliva Virgen Extra Natura Botella 500 Ml,2,"$1.956,66"
07/12/2022,Dulce De Leche LA SERENISIMA Estilo Colonial 1 Kg,1,"$894,35"
07/12/2022,Dulce De Leche MILKAUT Repostero Pote 1 Kg,2,"$933,25"
07/12/2022,Salsa De Soja DARAMA Botella 500 Ml,1,"$1.443,90"
07/12/2022,Rollo Film Adherente + Film De Aluminio SEPARATA 15 Mt / 5 Mt Paquete 2 Unidades,2,"$36,76"
07/12/2022,Lasagna Matarazzo Paq 400 Grm,1,"$1.139,47"
29/11/2022,Crema Dental COLGATE Sensitive Pro-Alivio Real White 110g,4,"$4.332,09"
29/11/2022,Agua Sin Gas Villavicencio 1.5 Ltr,36,"$121,84"
29/11/2022,Agua Mineral Natural De Manantial Villavicencio 2 L,24,"$97,55"
29/11/2022,Antitranspirante V8 Rexona 150 Ml,3,"$3.446,60"
29/11/2022,Repuestos De Afeitar Con Aloe GILLETTE Mach3 Sensitive 4 Un,1,"$528,00"
29/11/2022,Jabon Antibacterial Original X3 Unidades Rexona Paq 270 Grm,1,"$1.448,11"
29/11/2022,Jabón De Tocador DOVE Original Multipack 6x90 G,1,"$1.837,01"
29/11/2022,Jabon Antibacterial Fresh Rexona Paq 90 Grm,3,"$1.140,55"
29/11/2022,Jabon Liquido Bio Enzimas Skip Doy 3 Ltr,1,"$620,80"
29/11/2022,Rollos De Cocina Clásico X3 Uni Sussex Paq 10.3 Mtr,2,"$62,75"
29/11/2022,"Detergente MAGISTRAL Limón Multiuso Power 1,4 L",2,"$975,00"
29/11/2022,Jabón En Pan P/Lavar Fragancia Coco Ala Paq 200 Grm,1,"$841,95"
29/11/2022,Bolsas De Residuos TASK 50 X 70 Cm 20 U. Multiuso,3,"$29,58"
29/11/2022,Desinfectante De Ambientes Y Elimina Olores LYSOFORM Original En Aerosol 360ml,2,"$1.216,63"
29/11/2022,Leche Descremada LA SERENISIMA 1% Sachet 1 L,10,"$215,28"
29/11/2022,Leche Parcialmente Descremada Liviana LA SERENISIMA Larga Vida 1l,4,"$317,30"
29/11/2022,Te Earl Grey GREEN HILLS X 20 Uni,2,"$955,00"
29/11/2022,Pan Blanco BIMBO Artesano 500g,4,"$1.283,98"
29/11/2022,Pan Integral Grano Entero BIMBO 400 Grm,2,"$1.205,10"
29/11/2022,Cafe Instantaneo Suave Nescafe Pou 170 Grm,2,"$6.827,35"
29/11/2022,Rebozador P/Horno Mama Cocina Paq 1 Kgm,2,"$419,11"
29/11/2022,Rollo Film Adherente SEPARATA 15 Metros Paquete 1 Unidad,3,"$26,90"
29/11/2022,Harina 0000 Ultra Refinada Pureza Paq 1 Kgm,5,"$185,09"
29/11/2022,Vainillas Bimbo Fwp 444 Grm,2,"$1.432,41"
29/11/2022,Aceite Fritolim Clasico Antiad Fritolim Aer 120 Grm,2,"$3.568,41"
29/11/2022,Leche Condensada Nestlé 395 Grm,2,"$1.320,12"
29/11/2022,Lomo De Atún En Aceite La Campagnola 170 Grm,8,"$4.562,47"
29/11/2022,Queso CANUT Parmesano X Kg,0.5,"$3.049,00"
29/11/2022,Queso De Maquina Pategras Sandw La Paulina X Kg,0.5,"$1.559,00"
29/11/2022,Crema Leche Para Cocinar La Serenisima Ttb 520 Ml,2.0,"$1.130,59"
29/11/2022,Queso Untable Clásico FINLANDIA Pot 290 Grm,1,"$2.259,13"
29/11/2022,Queso Untable Balance Finlandia Pot 290 Grm,1,"$2.259,13"
29/11/2022,Mayonesa Clásica HELLMANNS 950 Grm,1,"$578,26"
29/11/2022,Azúcar Superior Real LEDESMA 1 Kg.,2,"$265,00"
29/11/2022,Cacao En Polvo Nesquik 800 Grm,1,"$1.552,93"
23/11/2022,Agua Mineral Natural De Manantial Villavicencio 2 L,24,"$97,55"
23/11/2022,Agua Sin Gas Villavicencio 1.5 Ltr,36,"$121,84"
23/11/2022,Leche Descremada LA SERENISIMA 1% Sachet 1 L,10,"$215,28"
23/11/2022,Leche Parcialmente Descremada Liviana LA SERENISIMA Larga Vida 1l,6,"$317,30"
23/11/2022,Queso Cremon Light LA SERENISIMA X Kg,0.5,"$2.019,00"
23/11/2022,Manteca Multivitaminas La Serenísima 200gr,4.0,"$2.422,80"
23/11/2022,Reggianito Xkg,0.5,"$2.389,00"
23/11/2022,Queso Crema Clásico Casancrem 480 Grm,1.0,"$1.546,87"
23/11/2022,Yogur Cremix Entero Frutilla YOGURISIMO 120gr,6,"$1.392,50"
23/11/2022,Yogur Estilo Griego Entero Vainilla Caramel YOGURISIMO 125gr,6,"$2.167,50"
23/11/2022,Queso Blanco Light Casancrem 480 Grm,1,"$1.546,87"
23/11/2022,Caldo KNORR En Cubos De Verduras 12 Unidades,2,"$2.159,38"
23/11/2022,Levadura Seca LEVEX 10 Gr X 2 Unidades,10,"$561,00"
23/11/2022,Bolsas De Residuos ASURIN 80 X 110 Cm 10 U. Fuertes,6,"$138,17"
23/11/2022,Bolsas De Residuos TASK 34 X 38 Cm 20 U. Para Baño Oficia Papeleros Pequeños,2,"$12,98"
23/11/2022,Lavandina En Gel Original Vim Bot 700 Ml,3,"$372,27"
23/11/2022,"Bolsas Herméticas ZIPLOC 26,8 X 27,3 Cm 15 U. Para Organizar",2,"$74,40"
23/11/2022,Mayonesa Clásica HELLMANNS 950 Grm,2,"$578,26"
23/11/2022,Aceite Oliva Virgen Extra Natura Botella 500 Ml,3,"$1.956,66"
23/11/2022,Rollos De Cocina Clásico X3 Uni Sussex Paq 10.3 Mtr,3,"$62,75"
23/11/2022,Azafrán Alicante Bli 2 Grm,2,"$29.497,50"
23/11/2022,Guante Med Extra Sensacio Vileda Par 1 Uni,2,"$605,69"
23/11/2022,Servilletas Familiares X 1 Sussex Paq 140 Uni,2,"$3,32"
23/11/2022,Tomate Perita ARCOR Lata 400 Gr,2,"$546,00"
23/11/2022,Azúcar Superior Real LEDESMA 1 Kg.,2,"$265,00"
23/11/2022,Pan Blanco BIMBO Artesano 500g,3,"$1.283,98"
23/11/2022,Salsa Filetto La Campagnola Pou 340 Grm,3,"$473,67"
23/11/2022,Huevo Color Maple X 30 Uni 30 Uni,2,"$36,57"
23/11/2022,Harina 0000 Ultra Refinada Pureza Paq 1 Kgm,3,"$185,09"
23/11/2022,Detergente MAGISTRAL Limón Multiuso Power 500 Ml,3,"$1.119,98"
15/11/2022,Leche Descremada LA SERENISIMA 1% Sachet 1 L,10,"$215,28"
15/11/2022,Agua Sin Gas Villavicencio 1.5 Ltr,36,"$121,84"
15/11/2022,Agua Mineral Natural De Manantial Villavicencio 2 L,24,"$97,55"
15/11/2022,Crema Leche Para Cocinar La Serenisima Ttb 520 Ml,2,"$1.130,59"
15/11/2022,Crema Leche Clásica P/Bati La Serenisi Sqa 520 Ml,2,"$1.227,11"
15/11/2022,Queso Blanco Light Casancrem 480 Grm,1,"$1.546,87"
15/11/2022,Queso Crema Clásico Casancrem 480 Grm,1,"$1.546,87"
15/11/2022,Manteca Multivitaminas La Serenísima 200gr,4,"$2.422,80"
15/11/2022,Port Salut Light Sin Lactosa La Serenisi X 1 Kgm,0.5,"$2.349,00"
15/11/2022,Reggianito Xkg,0.5,"$2.389,00"
15/11/2022,Yogur Natural Entero Sin Azúcar YOGURISIMO 300gr,2.0,"$1.226,33"
15/11/2022,Espagueti LUCCHETTI Paquete 500 Gr,4,"$320,96"
15/11/2022,Pan Integral BIMBO Artesano 500g,3,"$1.443,98"
15/11/2022,Pan Blanco BIMBO Artesano 500g,3,"$1.283,98"
15/11/2022,Tortillas Exta Gde X 8 Un- . Bsa 400 Grm,2,"$1.222,00"
15/11/2022,Rebozador P/Horno Mama Cocina Paq 1 Kgm,2,"$419,11"
15/11/2022,Aceite Girasol PUREZA Botella 1.5 L,2,"$552,62"
15/11/2022,Rollos De Cocina Clásico X3 Uni Sussex Paq 10.3 Mtr,2,"$62,75"
15/11/2022,Limpiador Líquido Aromatizante POETT Frescura De Lavanda (Botella) 4 Lts,2,"$206,75"
15/11/2022,Bolsas De Residuos TASK 50 X 70 Cm 20 U. Multiuso,3,"$29,58"
15/11/2022,Harina Leudante BLANCAFLOR Paquete 1 Kg,2,"$255,15"
15/11/2022,Jugo CEPITA DEL VALLE Multifruta 200 Ml,12,"$477,25"
15/11/2022,Harina 0000 Ultra Refinada Pureza Paq 1 Kgm,4,"$185,09"
15/11/2022,Patitas Pollo . Granja Del . 1100 Grm,1,"$2.240,90"
15/11/2022,Nuez Moscada Grano La Parmesan Bli 2 Grm,2,"$18.980,00"
09/11/2022,Agua Sin Gas Villavicencio 1.5 Ltr,36,"$121,84"
09/11/2022,Agua Mineral Natural De Manantial Villavicencio 2 L,24,"$97,55"
09/11/2022,Leche Descremada LA SERENISIMA 1% Sachet 1 L,10,"$215,28"
09/11/2022,Crema Leche P/Cocinar La Serenisi Ttb 330 Ml,7,"$1.557,57"
09/11/2022,Yogur Natural Entero Sin Azúcar YOGURISIMO 300gr,2,"$1.226,33"
09/11/2022,Queso Untable Balance Finlandia Pot 290 Grm,1,"$2.259,13"
09/11/2022,Queso Unt Light . FINLANDIA Pot 290 Grm,1,"$2.259,13"
09/11/2022,Reggianito Xkg,0.5,"$2.389,00"
09/11/2022,Queso Gouda . Canut Xkg,0.5,NA
09/11/2022,Tapas Para Empanadas Criollas X 12 Uni LA SALTEÑA Bsa 330 Grm,2.0,"$831,81"
09/11/2022,Tapas Para Empanadas Hojaldradas LA SALTEÑA X 12 Uni Bsa 330 Grm,2,"$831,81"
09/11/2022,Galletitas Dulces Sabor Chocolate Chocolinas 262 Grm,3,"$1.311,03"
09/11/2022,Choc.P/Taza Familiar Aguila Tab 225 Grm,2,"$2.935,51"
09/11/2022,Dulce De Leche LA SERENISIMA Estilo Colonial 1 Kg,1,"$894,35"
09/11/2022,Dulce De Leche MILKAUT Repostero Pote 1 Kg,1,"$933,25"
09/11/2022,Aceite Girasol Lira Botella 1.5 L,3,"$548,02"
09/11/2022,Choclo Enteros BONDUELLE Lata 300 Gr,3,"$3.483,89"
09/11/2022,Jamon Cocido Feteado Bocatti Bli 130 Grm,4,"$5.346,15"
09/11/2022,Queso De Maquina Pategras Sandw La Paulina X Kg,0.5,"$1.559,00"
09/11/2022,Pan Blanco BIMBO Artesano 500g,3.0,"$1.283,98"
09/11/2022,Pan Integral BIMBO Artesano 500g,2,"$1.443,98"
09/11/2022,Arroz Largo Fino LUCCHETTI Paquete 1 Kg,3,"$187,02"
09/11/2022,Papel Higiénico HIGIENOL Max Hoja Simple Panal Paq 4 Unid X 100 Mts C/U,3,"$22,13"
09/11/2022,Yerba Mate 4 Flex UNION 1 Kgm,1,"$764,95"
01/11/2022,Agua Mineral Natural De Manantial Villavicencio 2 L,24,"$97,55"
01/11/2022,Agua Sin Gas Villavicencio 1.5 Ltr,30,"$121,84"
01/11/2022,Leche Descremada LA SERENISIMA 1% Sachet 1 L,10,"$215,28"
01/11/2022,Crema Leche Para Cocinar La Serenisima Ttb 520 Ml,2,"$1.130,59"
01/11/2022,Queso Blanco Clásico Light CASANCREM 480gr,2,"$1.546,87"
01/11/2022,Queso Crema Clásico Entero CASANCREM 480gr,2,"$1.546,87"
01/11/2022,Jamon Cocido Feteado Bocatti Bli 130 Grm,4,"$5.346,15"
01/11/2022,Queso Untable Clásico FINLANDIA Pot 290 Grm,1,"$2.259,13"
01/11/2022,Queso Untable Balance Finlandia Pot 290 Grm,1,"$2.259,13"
01/11/2022,Reggianito Xkg,0.75,"$2.389,00"
01/11/2022,Cacao En Polvo Nesquik 800 Grm,1.0,"$1.552,93"
01/11/2022,Bolsas De Residuos TASK 34 X 38 Cm 20 U. Para Baño Oficia Papeleros Pequeños,2,"$12,98"
01/11/2022,Aceite Girasol PUREZA Botella 900 Ml,4,"$588,18"
01/11/2022,Cafe Instantaneo Suave Nescafe Pou 170 Grm,2,"$6.827,35"
01/11/2022,Café En Cápsulas STARBUCKS Blonde Espresso Roast X 53 Gr,2,"$39.528,30"
01/11/2022,Café En Cápsulas STARBUCKS Pike Place Roast X 53 Gr,2,"$39.528,30"
01/11/2022,Rapiditas Clasicas Bimbo 275 Grm,2,"$1.356,32"
01/11/2022,Rapiditas Integrales Bimbo 275 Grm,2,"$1.356,32"
01/11/2022,Rapiditas Light Bimbo 275 Grm,1,"$1.356,32"
01/11/2022,Harina Leudante BLANCAFLOR Paquete 1 Kg,2,"$255,15"
01/11/2022,Harina 0000 Ultra Refinada Pureza Paq 1 Kgm,4,"$185,09"
01/11/2022,Harina Trigo Integral MORIXE Paq 1 Kg,2,"$171,60"
01/11/2022,Arroz Largo Fino LUCCHETTI Paquete 1 Kg,3,"$187,02"
01/11/2022,Rollo Film Adherente + Film De Aluminio SEPARATA 15 Mt / 5 Mt Paquete 2 Unidades,3,"$36,76"
01/11/2022,Rollo Papel Manteca Separata Rol 1 Uni,2,"$139,70"
01/11/2022,Barra Cereal Frutilla Con Crema QUAKER 150 Grm,3,"$4.099,93"
01/11/2022,Huevo Color Maple X 30 Uni 30 Uni,2,"$36,57"
01/11/2022,Azúcar Superior Real LEDESMA 1 Kg.,1,"$265,00"
01/11/2022,Lomo De Atún En Aceite La Campagnola 170 Grm,8,"$4.562,47"
01/11/2022,Nuez Moscada Entera Alicante Sob 20 Grm,2,"$1.551,45"
01/11/2022,Pan Blanco BIMBO Artesano 500g,3,"$1.283,98"
01/11/2022,Cabo Asapractic De Madera Con Rosca Forrado,1,"$693,19"
01/11/2022,Lavavajillas Bio Act.Lima Cif Bot 750 Ml,3,"$945,85"
01/11/2022,Tomate Perita LA CAMPAGNOLA Lata 400 Gr,4,"$472,75"
01/11/2022,Salsa Filetto La Campagnola Pou 340 Grm,4,"$473,67"
01/11/2022,Paño Multiuso SKAY 34x39 Cm Paq 8 Uni,1,"$137,47"
01/11/2022,Guantes PATITO Mediano Bsa 2 Uni,3,"$502,89"
01/11/2022,Ketchup Hellmann'S Regular 250 G Doypack,3,"$1.080,52"
01/11/2022,Desinfectante De Ambientes Y Elimina Olores LYSOFORM Original En Aerosol 360ml,3,"$1.216,63"
01/11/2022,Esponja MORTIMER Cuadriculada Abrasiva 1 Un,3,"$128,99"
01/11/2022,Limpiador De Cocina MR. MÚSCULO Líquido Extra Power Limón Repuesto 900ml,2,"$491,43"
01/11/2022,Jabon Liquido Bio Enzimas Skip Doy 3 Ltr,2,"$620,80"
01/11/2022,Rollos De Cocina Clásico X3 Uni Sussex Paq 10.3 Mtr,2,"$62,75"
01/11/2022,Papel Higiénico HIGIENOL Max Hoja Simple Panal Paq 4 Unid X 100 Mts C/U,3,"$22,13"
01/11/2022,Pañuelos Descartables Pack Familiar Elite 10 Uni,1,"$37,24"
01/11/2022,Shampoo PANTENE Essentials Cuidado Clásico 400 Ml,2,"$1.099,30"
01/11/2022,Acondicionador PANTENE Essentials Brillo Extremo 200 Ml,2,"$2.944,95"
01/11/2022,Crema Dental COLGATE Máxima Protección Anticaries Neutrazúcar 90g,2,"$3.288,77"
26/10/2022,Leche Descremada LA SERENISIMA 1% Sachet 1 L,10,"$215,28"
26/10/2022,Queso Blanco Clásico Light CASANCREM 480gr,3,"$1.546,87"
26/10/2022,Manteca Multivitaminas La Serenísima 200gr,6,"$2.422,80"
26/10/2022,Queso Untable Balance Finlandia Pot 290 Grm,1,"$2.259,13"
26/10/2022,Queso Unt Light . FINLANDIA Pot 290 Grm,1,"$2.259,13"
26/10/2022,Queso Cremon Light LA SERENISIMA X Kg,0.5,"$2.019,00"
26/10/2022,Yogur Estilo Griego Entero Arándanos A La Crema YOGURISIMO 125gr,9.0,"$2.080,80"
26/10/2022,Yogur Estilo Griego Entero Duraznos A La Crema YOGURISIMO ​125gr,4,"$2.080,80"
26/10/2022,Yogur Estilo Griego Entero Vainilla Caramel YOGURISIMO 125gr,4,"$2.167,50"
26/10/2022,Sal Fina . Dos Ancla Est 500 Grm,3,"$231,26"
26/10/2022,Arroz Largo Fino LUCCHETTI Paquete 1 Kg,6,"$187,02"
26/10/2022,Espagueti LUCCHETTI Paquete 500 Gr,6,"$320,96"
26/10/2022,Azúcar Superior Real LEDESMA 1 Kg.,3,"$265,00"
26/10/2022,Endulzante Clásico Forte Hileret Bot 500 Ml,1,"$1.248,54"
26/10/2022,Caldo KNORR En Cubos De Verduras 6 Unidades,2,"$2.591,40"
26/10/2022,Mate Cocido X50 Sob. Selec La Tranquer Cja 200 Grm,2,"$2.439,86"
26/10/2022,Aceite Girasol Lira Botella 900 Ml,4,"$543,20"
26/10/2022,Pan Blanco BIMBO Artesano 500g,5,"$1.283,98"
26/10/2022,Jugo CEPITA DEL VALLE Multifruta 200 Ml,18,"$477,25"
26/10/2022,Harina 0000 Ultra Refinada Pureza Paq 1 Kgm,4,"$185,09"
26/10/2022,Bicarbonato De Sodio Alicante Sob 50 Grm,2,"$174,82"
26/10/2022,Caldo KNORR Cubo De Gallina 12 Unidades,2,"$2.159,38"
26/10/2022,Aceite Oliva Virgen Extra Natura Intenso Botella 500 Ml,2,"$1.956,66"
26/10/2022,Aceite Fritolim Clasico Antiad Fritolim Aer 120 Grm,2,"$3.568,41"
26/10/2022,Huevo Color Maple X 30 Uni 30 Uni,2,"$36,57"
26/10/2022,Bolsas De Residuos TASK 50 X 70 Cm 20 U. Multiuso,4,"$29,58"
26/10/2022,Bolsas De Residuos TASK 80 X 110 10 U. Multiuso,3,"$115,19"
26/10/2022,Limpiador Líquido Aromatizante POETT Frescura De Lavanda (Botella) 4 Lts,2,"$206,75"
26/10/2022,Cabo La Gauchita Metálico Azul,1,"$928,99"
26/10/2022,Escobillon Laqueado Iris Glow X 1 Uni,1,"$1.515,19"
26/10/2022,Pala La Gauchita Max Rebatible Con Cabo,1,"$2.061,39"
26/10/2022,Te Earl Grey GREEN HILLS X 20 Uni,2,"$955,00"
26/10/2022,Lavandina En Gel Original Vim Bot 700 Ml,2,"$372,27"
26/10/2022,"Guante Go! Classic - Talle ""M""",2,"$757,09"
26/10/2022,P.Higienico Dúo X4 Higienol Paq 50 Mtr,3,"$127,36"
26/10/2022,Rollos De Cocina Clásico X3 Uni Sussex Paq 10.3 Mtr,3,"$62,75"
26/10/2022,Lavavajillas Bio Act.Lima Cif Bot 750 Ml,3,"$945,85"
26/10/2022,Jabon Liquido Bio Enzimas Skip Doy 3 Ltr,1,"$620,80"
26/10/2022,Enjuag.Ropa Clásico Vivere Doy 3 Ltr,1,"$373,83"
26/10/2022,Cepillo Sanitario La Gauchita,1,"$709,39"
26/10/2022,Barra Cereal Frutilla Con Crema QUAKER 150 Grm,1,"$4.099,93"
26/10/2022,Chocobar De Arroz X6 Uni Gallo Snack Paq 120 Grm,1,"$4.924,91"
26/10/2022,Agua Mineral Natural De Manantial Villavicencio 2 L,24,"$97,55"
26/10/2022,Agua Sin Gas Villavicencio 1.5 Ltr,24,"$121,84"
26/10/2022,Balde 10lts Negro HERALDPLAST,1,NA
19/10/2022,Agua Sin Gas Villavicencio 1.5 Ltr,36,"$121,84"
19/10/2022,Agua Mineral Natural De Manantial Villavicencio 2 L,24,"$97,55"
19/10/2022,Leche Descremada LA SERENISIMA 1% Sachet 1 L,10,"$215,28"
19/10/2022,Queso Unt Light . FINLANDIA Pot 290 Grm,2,"$2.259,13"
19/10/2022,Queso Untable Balance Finlandia Pot 290 Grm,2,"$2.259,13"
19/10/2022,Queso Cremon Light LA SERENISIMA X Kg,0.5,"$2.019,00"
19/10/2022,Crema Leche Para Cocinar La Serenisima Ttb 520 Ml,2.0,"$1.130,59"
19/10/2022,Crema Leche Clásica P/Bati La Serenisi Sqa 520 Ml,2,"$1.227,11"
19/10/2022,Patitas Pollo . Granja Del Bsa 400 Grm,1,"$1.995,50"
19/10/2022,Lomo De Atún En Aceite La Campagnola 170 Grm,5,"$4.562,47"
19/10/2022,Ketchup Hellmann'S Regular 250 G Doypack,3,"$1.080,52"
19/10/2022,Salsa Lista KNORR Filetto 340 G,3,"$384,88"
19/10/2022,Tomate Perita LA CAMPAGNOLA Lata 400 Gr,4,"$472,75"
19/10/2022,Aceite Girasol Lira Botella 900 Ml,3,"$543,20"
19/10/2022,Rebozador P/Horno Mama Cocina Paq 1 Kgm,4,"$419,11"
19/10/2022,Harina 0000 Ultra Refinada Pureza Paq 1 Kgm,4,"$185,09"
19/10/2022,Servilletas Familiares X 1 Sussex Paq 140 Uni,4,"$3,32"
19/10/2022,Rollos De Cocina Clásico X3 Uni Sussex Paq 10.3 Mtr,4,"$62,75"
19/10/2022,Crema Dental COLGATE Sensitive Pro-Alivio 50g,4,"$769,98"
19/10/2022,Romero Alicante Sob 15 Grm,2,"$625,74"
19/10/2022,Pan Integral BIMBO Artesano 500g,2,"$1.443,98"
19/10/2022,Pan Blanco BIMBO Artesano 500g,4,"$1.283,98"
19/10/2022,Cafe Instantaneo Suave Nescafe Pou 170 Grm,2,"$6.827,35"
19/10/2022,Desinfectante De Ambientes Y Elimina Olores LYSOFORM Original En Aerosol 285ml,3,"$1.233,29"
19/10/2022,Papel Higiénico HIGIENOL Max Hoja Simple Panal Paq 4 Unid X 100 Mts C/U,3,"$22,13"
19/10/2022,Sal Fina . Dos Anclas Paq 500 Grm,3,"$235,78"
19/10/2022,Mayonesa Clásica HELLMANNS 950 Grm,3,"$578,26"
19/10/2022,Azúcar Superior Real LEDESMA 1 Kg.,3,"$265,00"
19/10/2022,Arroz Largo Fino LUCCHETTI Paquete 1 Kg,2,"$187,02"
19/10/2022,Espagueti LUCCHETTI Paquete 500 Gr,3,"$320,96"
19/10/2022,Leche Condensada Nestlé 395 Grm,3,"$1.320,12"
19/10/2022,Esponja MORTIMER Cuadriculada 1 Un,4,"$92,79"
19/10/2022,Limpiador Líquido CIF Antigrasa Biodegradable 450 Ml Doypack,3,"$417,75"
19/10/2022,Levadura Seca CALSA Mi Pan 10 Gr,8,"$495,00"
19/10/2022,Azafrán Alicante Bli 2 Grm,2,"$29.497,50"
19/10/2022,Dulce De Batata Arcor Cja 500 Grm,1,"$818,00"
19/10/2022,Dulce De Membrillo Arcor Cja 500 Grm,1,"$850,00"
19/10/2022,Gall.Sin Sal Familiares Criollitas Paq 507 Grm,2,"$728,77"
13/10/2022,Leche Descremada LA SERENISIMA 1% Sachet 1 L,10,"$215,28"
13/10/2022,Yogur Natural Entero Sin Azúcar YOGURISIMO 300gr,3,"$1.226,33"
13/10/2022,Jamon Cocido Feteado Bocatti Bli 130 Grm,4,"$5.346,15"
13/10/2022,Queso De Maquina Pategras Sandw La Paulina X Kg,0.75,"$1.559,00"
13/10/2022,Crema Leche Para Cocinar La Serenisima Ttb 520 Ml,2.0,"$1.130,59"
13/10/2022,Manteca Multivitaminas La Serenísima 200gr,8,"$2.422,80"
13/10/2022,Agua Mineral Natural De Manantial Villavicencio 2 L,24,"$97,55"
13/10/2022,Queso Crema Clásico Entero CASANCREM 480gr,1,"$1.546,87"
13/10/2022,Reggianito Xkg,0.5,"$2.389,00"
13/10/2022,Queso Cremon Light LA SERENISIMA X Kg,0.5,"$2.019,00"
13/10/2022,Galletitas Dulces Sabor Chocolate Chocolinas 262 Grm,3.0,"$1.311,03"
13/10/2022,Pan Rapiditas BIMBO Paq 275 Grm,3,"$1.254,50"
13/10/2022,Ketchup Hellmann'S Regular 250 G Doypack,2,"$1.080,52"
13/10/2022,Rollo Film Adherente + Film De Aluminio SEPARATA 15 Mt / 5 Mt Paquete 2 Unidades,3,"$36,76"
13/10/2022,Harina 0000 Ultra Refinada Pureza Paq 1 Kgm,4,"$185,09"
13/10/2022,Lavavajillas Bio Act.Lima Cif Bot 750 Ml,3,"$945,85"
13/10/2022,Trapo P/Piso Gris Pr Capullo . 1 Uni,2,"$421,79"
13/10/2022,Trapo Para Piso Valena Rayado 1 Uni,1,"$320,29"
13/10/2022,Salsa De Soja DOS ANCLAS Botella 500 Ml,2,"$1.510,80"
13/10/2022,Aceto Balsamico Don Marcell Bot 500 Cmq,2,"$738,84"
13/10/2022,Papel Higiénico HIGIENOL Max Hoja Simple Panal Paq 4 Unid X 100 Mts C/U,2,"$22,13"
13/10/2022,Acondicionador PANTENE Essentials Hidratación Extrema 750 Ml,1,"$2.122,65"
13/10/2022,Shampoo PANTENE Essentials Hidratación Extrema 400 Ml,2,"$2.204,97"
13/10/2022,Jabón En Barra Dove Antibacterial Cuida & Protege 3x90 G Multipack,3,"$2.374,03"
13/10/2022,Fósforos TRES PATITOS Parrilleros Caja 5 Unidades,2,"$66,96"
13/10/2022,Caldo KNORR Cubo De Gallina 6 Unidades,2,"$2.591,40"
13/10/2022,Sal Fina . Dos Anclas Paq 500 Grm,3,"$235,78"
13/10/2022,Jugo CEPITA DEL VALLE Multifruta 200 Ml,12,"$477,25"
13/10/2022,Barra Cereal Yoghurt Y Frutilla Cereal Mix 104 Grm,1,"$5.120,09"
13/10/2022,Limpiador Antigras Ext.Power Coci Mr.Musculo Doy 450 Cmq,3,"$600,86"
06/10/2022,Leche Descremada LA SERENISIMA 1% Sachet 1 L,10,"$215,28"
06/10/2022,Agua Mineral Natural De Manantial Villavicencio 2 L,24,"$97,55"
06/10/2022,Agua Sin Gas Villavicencio 1.5 Ltr,9,"$121,84"
06/10/2022,Tapas Para Empanadas Criollas X 12 Uni LA SALTEÑA Bsa 330 Grm,3,"$831,81"
06/10/2022,Tapa P/Pascualina Criolla Vb La Salteña Bsa 400 Grm,2,"$622,50"
06/10/2022,Tapa P/Pascualina Hojaldre Vb LA SALTEÑA Bsa 400 Gr,1,"$637,50"
06/10/2022,Jamon Cocido Feteado Bocatti Bli 130 Grm,5,"$5.346,15"
06/10/2022,Queso De Maquina Pategras Sandw La Paulina X Kg,0.5,"$1.559,00"
06/10/2022,Dulce De Leche LA SERENISIMA Estilo Colonial 1 Kg,2.0,"$894,35"
06/10/2022,Bolsa Freezer 20x30 SEPARATA Bol 20 Uni,3,"$19,53"
06/10/2022,Pan De Semillas BIMBO Artesano 500g,2,"$1.443,98"
06/10/2022,Servilletas Familiares X 1 Sussex Paq 140 Uni,3,"$3,32"
06/10/2022,Harina 0000 Ultra Refinada Pureza Paq 1 Kgm,3,"$185,09"
06/10/2022,Azúcar Superior Real LEDESMA 1 Kg.,2,"$265,00"
06/10/2022,Pimentón Seleccionado Dulce Alicante Pou 200 Grm,2,"$3.344,45"
06/10/2022,Aceite Girasol PUREZA Botella 1.5 L,2,"$552,62"
06/10/2022,Aceite Oliva Virgen Extra Natura Botella 500 Ml,2,"$1.956,66"
06/10/2022,Levadura Seca CALSA Mi Pan 10 Gr,8,"$495,00"
06/10/2022,P.Higienico Ultra Doble Ho Elite Paq 12 M2,2,"$47,66"
06/10/2022,P.Higienico Export Hoja Si Higienol Paq 12 M2,3,"$28,95"
06/10/2022,Bolsas De Residuos TASK 50 X 70 Cm 20 U. Multiuso,2,"$29,58"
06/10/2022,Bolsas De Residuos TASK 80 X 110 10 U. Multiuso,2,"$115,19"
06/10/2022,Rollos De Cocina Clásico X3 Uni Sussex Paq 10.3 Mtr,2,"$62,75"
06/10/2022,Yogur Estilo Griego Entero Frutillas A La Crema YOGURISIMO ​125gr,6,"$2.167,50"
06/10/2022,Yogur Estilo Griego Entero Arándanos A La Crema YOGURISIMO 125gr,3,"$2.080,80"
28/09/2022,Crema Leche Para Cocinar La Serenisima Ttb 520 Ml,2,"$1.130,59"
28/09/2022,Crema Leche Clásica P/Bati La Serenisi Ttb 330 Ml,2,"$1.633,03"
28/09/2022,Agua Mineral Natural De Manantial Villavicencio 2 L,24,"$97,55"
28/09/2022,Agua Sin Gas Villavicencio 1.5 Ltr,24,"$121,84"
28/09/2022,Leche Descremada LA SERENISIMA 1% Sachet 1 L,10,"$215,28"
28/09/2022,Manteca Multivitaminas La Serenísima 200gr,6,"$2.422,80"
28/09/2022,Queso Cremon Cremoso LA SERENISIMA X Kg,1.0,"$1.779,00"
28/09/2022,Reggianito Xkg,0.5,"$2.389,00"
28/09/2022,Rebozador P/Horno Mama Cocina Paq 1 Kgm,3.0,"$419,11"
28/09/2022,Pan Blanco BIMBO Artesano 500g,4,"$1.283,98"
28/09/2022,Pan Integral BIMBO Artesano 500g,2,"$1.443,98"
28/09/2022,P.Higienico Export Hoja Si Higienol Paq 12 M2,3,"$28,95"
28/09/2022,Rollos De Cocina Clásico X3 Uni Sussex Paq 10.3 Mtr,2,"$62,75"
28/09/2022,Arroz Largo Fino LUCCHETTI Paquete 1 Kg,2,"$187,02"
28/09/2022,Espagueti LUCCHETTI Paquete 500 Gr,4,"$320,96"
28/09/2022,"Bolsas Herméticas ZIPLOC 20 X 14,9 X 4,7 Cm 11 U. Para Organizar",3,"$101,46"
28/09/2022,Queso Untable Balance Finlandia Pot 290 Grm,2,"$2.259,13"
28/09/2022,Fra-Nui Frambuesas Bañadas Con Chocolate Semiamargo 150 Gr,2,"$6.198,33"
28/09/2022,Fra-Nui Frambuesas Bañadas Con Chocolate Con Leche 150 Gr,2,"$6.198,33"
28/09/2022,Limpiador Líquido Aromatizante POETT Frescura De Lavanda (Botella) 4 Lts,2,"$206,75"
28/09/2022,Queso Blanco Clásico Light CASANCREM 480gr,2,"$1.546,87"
28/09/2022,Cafe Instantaneo Suave Nescafe Pou 170 Grm,2,"$6.827,35"
28/09/2022,Puré De Tomate Arcor 530 Grm,3,"$281,24"
28/09/2022,Tomate Perita LA CAMPAGNOLA Lata 400 Gr,3,"$472,75"
28/09/2022,Salsa Filetto La Campagnola Pou 340 Grm,3,"$473,67"
28/09/2022,Cacao En Polvo Nesquik 360 Grm,2,"$1.673,13"
28/09/2022,Crema De Avellanas C/Cacao Nutella Pot 140 Grm,2,"$3.142,78"
28/09/2022,Jugo CEPITA DEL VALLE Multifruta 200 Ml,12,"$477,25"
28/09/2022,Polenta Instantanea Presto Pronta Paq 730 Grm,3,"$450,19"
28/09/2022,Harina 0000 Ultra Refinada Pureza Paq 1 Kgm,4,"$185,09"
28/09/2022,Harina Leudante BLANCAFLOR Paquete 1 Kg,2,"$255,15"
28/09/2022,Polvo Para Hornear ROYAL Frasco 100 Gr,2,"$1.650,10"
28/09/2022,Oregano Alicante Sob 50 Grm,2,"$607,90"
28/09/2022,Romero Alicante Sob 15 Grm,2,"$625,74"
28/09/2022,Aceite Mezcla Girasol Y Oliva NATURA Botella 1.5 L,2,"$830,75"
28/09/2022,Vainillas Bimbo Fwp 444 Grm,3,"$1.432,41"
28/09/2022,Lavandina En Gel Original Vim Bot 700 Ml,2,"$372,27"
28/09/2022,Shampoo PANTENE Essentials Cuidado Clásico 400 Ml,2,"$1.099,30"
28/09/2022,Acondicionador PANTENE Essentials Cuidado Clásico 400 Ml,2,"$1.099,30"
28/09/2022,Shampoo PANTENE Essentials Hidratación Extrema 400 Ml,1,"$2.204,97"
28/09/2022,Bolsa Hermetica Para Freezer Mediana Ziploc Cja 12 Uni,3,"$69,75"
28/09/2022,Bolsa Freezer Medianas Glow 10 Uni,2,"$53,96"
28/09/2022,Jabón En Barra REXONA Orchid 3x125 G,1,"$895,97"
28/09/2022,Jabón En Barra REXONA Active 3x125 G,1,"$895,97"
28/09/2022,Jabón En Barra REXONA Bamboo 3x125 G,1,"$895,97"
28/09/2022,Pañuelos Descartables Pack Familiar Elite 10 Uni,4,"$37,24"
28/09/2022,Jamon Cocido Feteado Bocatti Bli 130 Grm,4,"$5.346,15"
28/09/2022,Aceite Girasol Lira Botella 900 Ml,3,"$543,20"
21/09/2022,Crema Leche Para Cocinar La Serenisima Ttb 520 Ml,2,"$1.130,59"
21/09/2022,Crema Leche Clásica P/Bati La Serenisi Ttb 330 Ml,1,"$1.633,03"
21/09/2022,Agua Mineral Natural De Manantial Villavicencio 2 L,24,"$97,55"
21/09/2022,Agua Sin Gas Villavicencio 1.5 Ltr,24,"$121,84"
21/09/2022,Leche Descremada LA SERENISIMA 1% Sachet 1 L,10,"$215,28"
21/09/2022,Manteca Multivitaminas La Serenísima 200gr,6,"$2.422,80"
21/09/2022,Queso Cremon Cremoso LA SERENISIMA X Kg,1.0,"$1.779,00"
21/09/2022,Reggianito Xkg,0.5,"$2.389,00"
21/09/2022,Rebozador P/Horno Mama Cocina Paq 1 Kgm,3.0,"$419,11"
21/09/2022,Pan Blanco BIMBO Artesano 500g,4,"$1.283,98"
21/09/2022,Pan Integral BIMBO Artesano 500g,2,"$1.443,98"
21/09/2022,Azúcar Superior Real LEDESMA 1 Kg.,3,"$265,00"
21/09/2022,Aceite Girasol Lira Botella 1.5 L,3,"$548,02"
21/09/2022,Mayonesa Clásica Hellmanns Pou 475 Grm,3,"$644,31"
21/09/2022,Sal Fina . Celusal Est 500 Grm,2,"$277,48"
21/09/2022,Mostaza SAVORA Original 500 G,3,"$555,80"
21/09/2022,Servilletas Gold Elite Paq 35 Uni,2,"$7,00"
21/09/2022,P.Higienico Export Hoja Si Higienol Paq 12 M2,3,"$28,95"
21/09/2022,Rollos De Cocina Clásico X3 Uni Sussex Paq 10.3 Mtr,2,"$62,75"
21/09/2022,Queso Crema Clásico Entero CASANCREM 480gr,2,"$1.546,87"
21/09/2022,Dulce De Batata Esnaola Cja 500 Grm,2,"$778,00"
21/09/2022,Gelatina Sabor Frutilla Exquisita Sob 40 Grm,2,"$338,00"
21/09/2022,Gelatina Sabor Frambues Exquisita Sob 40 Grm,1,"$338,00"
21/09/2022,Gelatina Sabor Naranja Exquisita Sob 40 Grm,1,"$338,00"
21/09/2022,Aceite Fritolim Clasico Antiad Fritolim Aer 120 Grm,2,"$3.568,41"
21/09/2022,Aceite Fritolim Manteca 120 Gr Fritolim Aer .12 Kgm,2,"$3.568,41"
21/09/2022,Arroz Largo Fino LUCCHETTI Paquete 1 Kg,2,"$187,02"
21/09/2022,Espagueti LUCCHETTI Paquete 500 Gr,4,"$320,96"
21/09/2022,"Bolsas Herméticas ZIPLOC 20 X 14,9 X 4,7 Cm 11 U. Para Organizar",3,"$101,46"
21/09/2022,Film Separador SEPARATA Para Freezer 19x25 Bol 100 Uni,2,"$3,79"
21/09/2022,Enjuag.Ropa Clásico Vivere Doy 3 Ltr,2,"$373,83"
21/09/2022,Jabon Liquido Bio Enzimas Skip Doy 3 Ltr,2,"$620,80"
21/09/2022,Esponja MORTIMER Cuadriculada Abrasiva 1 Un,3,"$128,99"
21/09/2022,Paño M/Uso 38 X 36 Cm MORTIMER Bsa 3 Uni,2,"$123,27"
21/09/2022,"Guante Go! Classic - Talle ""M""",2,"$757,09"
21/09/2022,"Detergente MAGISTRAL Limón Multiuso Power 1,4 L",1,"$975,00"
21/09/2022,Limpiador Cremoso Multiuso Origi Cif Bot 500 Ml,2,"$845,58"
21/09/2022,Queso Untable Balance Finlandia Pot 290 Grm,2,"$2.259,13"
21/09/2022,Te C/Sab.Frutilla GREEN HILLS X 20 Saquitos,1,"$704,75"
21/09/2022,Te Boldo GREEN HILLS X 20 Saquitos,1,"$892,50"
21/09/2022,Te De Tilo Green Hills Cja 20 Grm,1,"$2.019,50"
21/09/2022,Frutas Arandanos Karinat Doy 300 Grm,1,"$2.787,16"
21/09/2022,Fra-Nui Frambuesas Bañadas Con Chocolate Semiamargo 150 Gr,2,"$6.198,33"
21/09/2022,Fra-Nui Frambuesas Bañadas Con Chocolate Con Leche 150 Gr,2,"$6.198,33"
21/09/2022,Limpiador Líquido Aromatizante POETT Frescura De Lavanda (Botella) 4 Lts,1,"$206,75"
14/09/2022,Crema Leche Para Cocinar La Serenisima Ttb 520 Ml,3,"$1.130,59"
14/09/2022,Crema Leche Clásica P/Bati La Serenisi Ttb 330 Ml,2,"$1.633,03"
14/09/2022,Agua Mineral Natural De Manantial Villavicencio 2 L,24,"$97,55"
14/09/2022,Agua Sin Gas Villavicencio 1.5 Ltr,12,"$121,84"
14/09/2022,Leche Descremada LA SERENISIMA 1% Sachet 1 L,10,"$215,28"
14/09/2022,Leche Parcialmente Descremada Liviana LA SERENISIMA Larga Vida 1l,6,"$317,30"
14/09/2022,Manteca Multivitaminas La Serenísima 200gr,6,"$2.422,80"
14/09/2022,Queso Cremon Cremoso LA SERENISIMA X Kg,1.0,"$1.779,00"
14/09/2022,Pategras . LA PAULINA Xkg,0.5,NA
14/09/2022,Reggianito Xkg,0.5,"$2.389,00"
14/09/2022,Jamon Cocido Feteado Bocatti Bli 130 Grm,5.0,"$5.346,15"
14/09/2022,Harina Leudante Ultra Refinada Pureza Paq 1 Kgm,3,"$221,83"
14/09/2022,Harina 0000 Ultra Refinada Pureza Paq 1 Kgm,3,"$185,09"
14/09/2022,Rebozador P/Horno Mama Cocina Paq 1 Kgm,2,"$419,11"
14/09/2022,Pan Blanco BIMBO Artesano 500g,4,"$1.283,98"
14/09/2022,Pan Integral BIMBO Artesano 500g,2,"$1.443,98"
14/09/2022,Jugo CEPITA DEL VALLE Multifruta 200 Ml,18,"$477,25"
14/09/2022,Choc.P/Taza Familiar Aguila Tab 225 Grm,2,"$2.935,51"
14/09/2022,Azúcar Superior Real LEDESMA 1 Kg.,2,"$265,00"
14/09/2022,Aceite Girasol Lira Botella 1.5 L,3,"$548,02"
14/09/2022,Mayonesa Clásica Hellmanns Pou 475 Grm,3,"$644,31"
14/09/2022,Lomo De Atún En Aceite La Campagnola 170 Grm,8,"$4.562,47"
14/09/2022,Aceite Oliva Virgen Extra Natura Botella 500 Ml,2,"$1.956,66"
14/09/2022,Sal Fina . Celusal Est 500 Grm,2,"$277,48"
14/09/2022,Aceitunas Verdes NUCETE Descarozada Sachet 180 Gr,2,"$1.865,50"
14/09/2022,Mostaza SAVORA Original 500 G,2,"$555,80"
14/09/2022,Aceto Balsamico Don Marcell Bot 500 Cmq,2,"$738,84"
14/09/2022,Caldo Cubo KNORR Balance Gallina 12 Cubos,1,"$2.057,89"
14/09/2022,Caldo Cubo KNORR Balance Verdura 12 Unidades,1,"$2.449,47"
14/09/2022,Comino Molido LA CAMPAGNOLA Doy 25 Grm,2,"$469,00"
14/09/2022,Té Verde GREEN HILLS Caja 50 Saquitos,2,"$4.627,00"
14/09/2022,Te Manzanilla GREEN HILLS X 20 Uni,2,"$873,10"
14/09/2022,Rollo Film Adherente + Film De Aluminio SEPARATA 15 Mt / 5 Mt Paquete 2 Unidades,3,"$36,76"
14/09/2022,Servilletas Gold Elite Paq 35 Uni,3,"$7,00"
14/09/2022,Film Separador SEPARATA Para Freezer 19x25 Bol 100 Uni,1,"$3,79"
14/09/2022,P.Higienico Export Hoja Si Higienol Paq 12 M2,2,"$28,95"
14/09/2022,Rollos De Cocina Clásico X3 Uni Sussex Paq 10.3 Mtr,2,"$62,75"
14/09/2022,Paño Multiuso SKAY 34x39 Cm Paq 8 Uni,1,"$137,47"
07/09/2022,Limpiador Líquido Aromatizante POETT Frescura De Lavanda (Botella) 4 Lts,2,"$206,75"
07/09/2022,Paño Multiuso Tradicional Task Paq 3 Uni,3,"$122,33"
07/09/2022,"Guante Go! Classic - Talle ""M""",2,"$757,09"
07/09/2022,Lustramuebles Blem Brillo Y Protección Madera Lavanda En Aerosol 360cc,2,"$1.543,86"
07/09/2022,"Detergente MAGISTRAL Limón Multiuso Power 1,4 L",2,"$975,00"
07/09/2022,Queso De Maquina Pategras Sandw La Paulina X Kg,1.0,"$1.559,00"
07/09/2022,Rebozador P/Horno Mama Cocina Paq 1 Kgm,2,"$419,11"
07/09/2022,Harina 0000 Ultra Refinada Pureza Paq 1 Kgm,6,"$185,09"
07/09/2022,Leche Descremada LA SERENISIMA 1% Sachet 1 L,10,"$215,28"
07/09/2022,Agua Sin Gas Villavicencio 1.5 Ltr,36,"$121,84"
07/09/2022,Agua Mineral Natural De Manantial Villavicencio 2 L,24,"$97,55"
07/09/2022,Choclo Entero Ciudad Del Lago 300 Gr,3,"$727,96"
07/09/2022,Rollos De Cocina Clásico X3 Uni Sussex Paq 10.3 Mtr,1,"$62,75"
07/09/2022,Pan Rapiditas BIMBO Paq 275 Grm,2,"$1.254,50"
07/09/2022,Queso Crema Clásico Entero CASANCREM 480gr,1,"$1.546,87"
07/09/2022,Queso Blanco Clásico Light CASANCREM 480gr,2,"$1.546,87"
07/09/2022,Pan Rapiditas Inte Bimbo Paq 265 Grm,2,"$1.301,84"
07/09/2022,Queso Untable Balance Finlandia Pot 290 Grm,1,"$2.259,13"
07/09/2022,Queso Untable Clásico FINLANDIA Pot 290 Grm,1,"$2.259,13"
07/09/2022,Queso Cremon Light LA SERENISIMA X Kg,0.5,"$2.019,00"
07/09/2022,Reggianito Fraccion Santa Ros Xkg,0.5,NA
07/09/2022,Tomate Perita ARCOR Lata 400 Gr,6.0,"$546,00"
07/09/2022,Pan Blanco BIMBO Artesano 500g,2,"$1.283,98"
07/09/2022,Champignon En Trozos En Conserva Bahia 400 Grm,3,"$1.037,37"
07/09/2022,Lomo De Atún Al Natural La Campagnola 170 Grm,4,"$4.562,47"
07/09/2022,Jamon Cocido Natur. Feteado Bocatti Xkg,0.75,NA
07/09/2022,Dulce De Leche LA SERENISIMA Estilo Colonial 1 Kg,2.0,"$894,35"
07/09/2022,Esponja MORTIMER Poderosa 1 Un,4,"$184,89"
07/09/2022,Dulce De Leche Rep C/Fuente De Ca La Serenisi Pot 400 Grm,2,"$985,50"
07/09/2022,Arroz Largo Fino LUCCHETTI Paquete 1 Kg,3,"$187,02"
07/09/2022,Almidón De Maíz MAIZENA Clásica Sin Tacc 520 G,1,"$660,56"
07/09/2022,Salsa De Soja DOS ANCLAS Botella 500 Ml,2,"$1.510,80"
07/09/2022,Aceite Oliva Extra Virgen CAÑUELAS Suave Botella 500 Ml,2,"$1.704,10"
07/09/2022,Manteca Multivitaminas La Serenísima 200gr,6,"$2.422,80"
07/09/2022,Lentejas Secas Inalpa 300 Grm,3,"$453,90"
31/08/2022,Agua Mineral Natural De Manantial Villavicencio 2 L,24,"$97,55"
31/08/2022,Té Price Of Wales Twinings Cja 20 Grm,5,"$3.719,45"
31/08/2022,Te Negro Clásico X25 So Green Hills Cja 50 Grm,1,"$359,52"
31/08/2022,Te Boldo GREEN HILLS X 20 Saquitos,1,"$892,50"
31/08/2022,Te Earl Grey GREEN HILLS X 20 Uni,1,"$955,00"
31/08/2022,Te Manzanilla GREEN HILLS X 20 Uni,1,"$873,10"
31/08/2022,Leche Descremada LA SERENISIMA 1% Sachet 1 L,10,"$215,28"
31/08/2022,Yogur Natural Entero Sin Azúcar YOGURISIMO 300gr,2,"$1.226,33"
31/08/2022,Bolsas De Residuos TASK 50 X 70 Cm 20 U. Multiuso,3,"$29,58"
31/08/2022,Rollo Papel Aluminio SEPARATA 5 Metros Paquete 1 Unidad,4,"$95,10"
31/08/2022,Rollo Film Adherente SEPARATA 30 Metros Paquete 1 Unidad,4,"$26,63"
31/08/2022,Harina 0000 Ultra Refinada Pureza Paq 1 Kgm,6,"$185,09"
31/08/2022,Aceite Oliva Virgen Extra MAZOLA Botella 500 Ml,2,"$1.815,66"
31/08/2022,Levadura Seca LEVEX 10 Gr X 2 Unidades,8,"$561,00"
31/08/2022,Jabon Tocador Pausa En El Ca Campos Verd Paq 120 Grm,3,"$741,58"
31/08/2022,Jabon Tocador Aromaterapia Campos Verd Paq 120 Grm,3,"$741,58"
31/08/2022,Pasta Dental Colgate Sensitive Pro Alivio Inmediato Original 140g,3,"$5.414,21"
31/08/2022,Leche Condensada Nestlé 395 Grm,3,"$1.320,12"
31/08/2022,Salsa Lista Filetto Arcor Pou 340 Grm,4,"$477,14"
31/08/2022,Pan Blanco BIMBO Artesano 500g,4,"$1.283,98"
31/08/2022,Pan Integral BIMBO Artesano 500g,1,"$1.443,98"
31/08/2022,Jamon Cocido Feteado Bocatti Bli 130 Grm,3,"$5.346,15"
31/08/2022,Queso Cremon Cremoso LA SERENISIMA X Kg,0.5,"$1.779,00"
31/08/2022,Manteca Multivitaminas La Serenísima 200gr,6.0,"$2.422,80"
31/08/2022,Bicarbonato De Sodio Alicante Sob 50 Grm,2,"$174,82"
31/08/2022,Cafe Instantaneo Suave Nescafe Pou 170 Grm,1,"$6.827,35"
31/08/2022,Queso Unt Light . FINLANDIA Pot 290 Grm,3,"$2.259,13"
31/08/2022,Crema Leche Para Cocinar La Serenisima Ttb 520 Ml,1,"$1.130,59"
31/08/2022,Crema Leche Clásica P/Bati La Serenisi Ttb 330 Ml,3,"$1.633,03"
31/08/2022,Aceite Girasol Lira Botella 1.5 L,2,"$548,02"
31/08/2022,Mayonesa HELLMANNS Light 950 G Doypack,1,"$578,26"
31/08/2022,Mayonesa Clásica Hellmanns Pou 475 Grm,1,"$644,31"
31/08/2022,Rollos De Cocina Clásico X3 Uni Sussex Paq 10.3 Mtr,3,"$62,75"
31/08/2022,Postre Minions Vainilla Con Chocobombas SERENITO 118gr,2,"$2.718,64"
31/08/2022,Postre Minions Vainilla Con Rocklets SERENITO 120gr,2,"$2.673,33"
25/08/2022,Agua Mineral Natural De Manantial Villavicencio 2 L,24,"$97,55"
25/08/2022,Agua Mineral Natural De Manantial Con Gas Villavicencio 1.5 L,12,"$144,21"
25/08/2022,Harina 0000 Ultra Refinada Pureza Paq 1 Kgm,8,"$185,09"
25/08/2022,Mayonesa Clásica Hellmanns Bot 320 Grm,1,"$812,71"
25/08/2022,Mayonesa Clásica Hellmanns Pou 475 Grm,2,"$644,31"
25/08/2022,Leche Descremada LA SERENISIMA 1% Sachet 1 L,10,"$215,28"
25/08/2022,Leche Parcialmente Descremada Liviana LA SERENISIMA Larga Vida 1l,10,"$317,30"
25/08/2022,Leche Entera Clasica LA SERENISIMA Larga Vida 1l,2,"$232,17"
25/08/2022,Rebozador P/Horno Mama Cocina Paq 1 Kgm,2,"$419,11"
25/08/2022,Aceite Oliva Extra Virgen CAÑUELAS Suave Botella 500 Ml,3,"$1.704,10"
25/08/2022,Azúcar Superior Real LEDESMA 1 Kg.,4,"$265,00"
25/08/2022,Manteca Multivitaminas La Serenísima 200gr,6,"$2.422,80"
25/08/2022,Dulce De Leche Rep C/Fuente De Ca La Serenisi Pot 400 Grm,2,"$985,50"
25/08/2022,Pan Blanco BIMBO Artesano 500g,4,"$1.283,98"
25/08/2022,Pan Integral Fuente De Fibr BIMBO Bsa 350 Grm,2,"$982,82"
25/08/2022,Queso Unt Light . FINLANDIA Pot 290 Grm,2,"$2.259,13"
25/08/2022,Espagueti LUCCHETTI Paquete 500 Gr,3,"$320,96"
25/08/2022,Bolsas De Residuos ASURIN 80 X 110 Cm 10 U. Fuertes,3,"$138,17"
25/08/2022,VIRULANA Inoxy X1 Uni,2,"$59,00"
25/08/2022,Jabón En Pan P/Lavar Fragancia Coco Ala Paq 200 Grm,2,"$841,95"
25/08/2022,Aceite Girasol Lira Botella 1.5 L,2,"$548,02"
25/08/2022,Queso CANUT Parmesano X Kg,0.5,"$3.049,00"
25/08/2022,Limpiador De Pisos Plastificados Y Flotantes BLEM Aloe Y Pepino Repuesto Económico 400ml,2.0,"$829,72"
25/08/2022,Salsa De Soja DARAMA Botella 500 Ml,2,"$1.252,10"
25/08/2022,Aceto Balsámico LA TOSCANA 250 Ml,2,"$2.242,40"
25/08/2022,Sal Fina . Celusal Est 500 Grm,3,"$277,48"
25/08/2022,Rollos De Cocina Clásico X3 Uni Sussex Paq 10.3 Mtr,4,"$62,75"
25/08/2022,Queso Azul Grandblu Bavaria . 1 Kgm,0.25,"$4.449,00"
25/08/2022,Palmitos Enteros CIUDAD DEL LAGO Lata 800 Gr,2.0,"$2.491,82"
25/08/2022,Aceite Fritolim Clasico Antiad Fritolim Aer 120 Grm,2,"$3.568,41"
25/08/2022,Caldo Cubo KNORR Balance Verdura 12 Unidades,2,"$2.449,47"
25/08/2022,Ketchup Hellmanns Bot 400 Grm,1,"$1.155,45"
25/08/2022,Ketchup Hellmann'S Regular 250 G Doypack,2,"$1.080,52"
25/08/2022,Separadores Alimento Para Freezer Glow 15 Mtr,1,"$37,27"
25/08/2022,Crema Leche Para Cocinar La Serenisima Ttb 520 Ml,2,"$1.130,59"
25/08/2022,Jabón Líquido Ropa Fina Ala Matic Camellito 900 Ml,1,"$590,25"
25/08/2022,Gel Adhesivo W.C. Lavanda 12 Grm + Aplic. GLADE Bli 1 Uni,2,"$2.722,00"
25/08/2022,Yogur Estilo Griego Entero Frutillas A La Crema YOGURISIMO ​125gr,4,"$2.167,50"
25/08/2022,Té Price Of Wales Twinings Cja 20 Grm,3,"$3.719,45"
25/08/2022,Te Earl Grey GREEN HILLS X 20 Uni,1,"$955,00"
25/08/2022,Té GREEN HILLS En Hebras Caja 100 Gr,1,"$2.062,30"
25/08/2022,Esponja Lava Auto Multi 17x10x6 Match 1,1,"$349,00"
17/08/2022,Rollo Papel Manteca Separata Rol 1 Uni,2,"$139,70"
17/08/2022,Limpiador De Pisos Plastificados Y Flotantes BLEM Aloe Y Pepino Repuesto Económico 400ml,3,"$829,72"
17/08/2022,Telas KLARO Aerosol 360 CC,2,"$663,86"
17/08/2022,"Guante Go! Classic - Talle ""M""",2,"$757,09"
17/08/2022,Bolsas De Residuos TASK 50 X 70 Cm 20 U. Multiuso,3,"$29,58"
17/08/2022,Patitas Pollo . Granja Del . 1100 Grm,2,"$2.240,90"
17/08/2022,Mostaza NATURA Pouch 500 Gr,1,"$374,00"
17/08/2022,Mostaza BRENNAN´S Dijon Suave Tradicional Frasco 200 Gr,1,"$4.534,40"
17/08/2022,Bolsas Herméticas ZIPLOC Para Organizar Medianas 20un,2,"$55,80"
17/08/2022,Leche Descremada LA SERENISIMA 1% Sachet 1 L,8,"$215,28"
17/08/2022,Yogur Natural Entero Sin Azúcar YOGURISIMO 300gr,3,"$1.226,33"
17/08/2022,Agua Mineral Natural De Manantial Villavicencio 2 L,24,"$97,55"
17/08/2022,Shampoo PANTENE Essentials Liso Extremo 400 Ml,2,"$2.204,97"
17/08/2022,Acondicionador PANTENE Essentials Brillo Extremo 400 Ml,2,"$1.804,97"
17/08/2022,Aceite Oliva Extra Virgen CAÑUELAS Suave Botella 500 Ml,2,"$1.704,10"
17/08/2022,Levadura Seca CALSA Mi Pan 10 Gr,10,"$495,00"
17/08/2022,Te Manzanilla GREEN HILLS X 20 Uni,1,"$873,10"
17/08/2022,Salsa De Soja DARAMA Botella 500 Ml,1,"$1.252,10"
17/08/2022,Salsa Inglesa Parmesana Bot 180 Cmq,1,"$1.428,61"
17/08/2022,Pan Blanco BIMBO Artesano 500g,4,"$1.283,98"
17/08/2022,Manteca Multivitaminas La Serenísima 200gr,6,"$2.422,80"
17/08/2022,Desinfectante De Ambientes Y Elimina Olores LYSOFORM Original En Aerosol 360ml,2,"$1.216,63"
17/08/2022,Bicarbonato De Sodio Alicante Sob 50 Grm,2,"$174,82"
17/08/2022,Huevo Color Grande El Ombu Map 30 Uni,2,"$29,97"
17/08/2022,Crema Leche Para Cocinar La Serenisima Ttb 520 Ml,3,"$1.130,59"
17/08/2022,Reggianito Xkg,0.5,"$2.389,00"
17/08/2022,Cafe Instantaneo Suave Nescafe Pou 170 Grm,1.0,"$6.827,35"
17/08/2022,Azúcar Superior Real LEDESMA 1 Kg.,3,"$265,00"
11/08/2022,Leche Descremada LA SERENISIMA 1% Sachet 1 L,8,"$215,28"
11/08/2022,Queso Cremon Light LA SERENISIMA X Kg,1.0,"$2.019,00"
11/08/2022,Manteca Multivitaminas La Serenísima 200gr,6,"$2.422,80"
11/08/2022,Queso Blanco Clásico Light CASANCREM 480gr,1,"$1.546,87"
11/08/2022,Queso Crema Clásico Entero CASANCREM 480gr,1,"$1.546,87"
11/08/2022,Queso Unt Light . FINLANDIA Pot 290 Grm,1,"$2.259,13"
11/08/2022,Mayonesa Clásica Hellmanns Pou 475 Grm,3,"$644,31"
11/08/2022,Harina 0000 Ultra Refinada Pureza Paq 1 Kgm,5,"$185,09"
11/08/2022,Harina Leudante . Morixe Paq 1 Kgm,2,"$202,80"
11/08/2022,Reggianito Xkg,0.25,"$2.389,00"
11/08/2022,Rebozador P/Horno Mama Cocina Paq 1 Kgm,3.0,"$419,11"
11/08/2022,Salsa Lista Filetto Arcor Pou 340 Grm,4,"$477,14"
11/08/2022,Coditos LUCCHETTI Paquete 500 Gr,2,"$361,14"
11/08/2022,Arroz Largo Fino LUCCHETTI Paquete 1 Kg,3,"$187,02"
11/08/2022,Espagueti LUCCHETTI Paquete 500 Gr,2,"$320,96"
11/08/2022,Tirabuzon LUCCHETTI Paquete 500 Gr,2,"$361,14"
11/08/2022,Aceite Girasol Lira Botella 1.5 L,3,"$548,02"
11/08/2022,Agua Mineral Natural De Manantial Villavicencio 2 L,24,"$97,55"
11/08/2022,Agua Sin Gas Villavicencio 1.5 Ltr,24,"$121,84"
11/08/2022,Azúcar Superior Real LEDESMA 1 Kg.,3,"$265,00"
11/08/2022,Levadura Seca CALSA Mi Pan 10 Gr,6,"$495,00"
11/08/2022,Crema Leche P/Cocinar La Serenisi Ttb 330 Ml,3,"$1.557,57"
11/08/2022,Crema Leche Clásica P/Bati La Serenisi Ttb 330 Ml,2,"$1.633,03"
11/08/2022,Jugo CEPITA DEL VALLE Multifruta 200 Ml,12,"$477,25"
11/08/2022,Huevo Color Grande El Ombu Cja 12 Uni,2,"$42,67"
11/08/2022,Huevo Blanco Grand . Cja 12 Uni,2,"$38,71"
11/08/2022,Papel Higiénico FELPITA Blanquísimo Simple Hoja Paquete 6 Unidades,3,"$30,11"
11/08/2022,P.Higienico Doble Hoja Higienol Paq 12 M2,4,"$39,69"
11/08/2022,Jabon Liquido Bio Enzimas Skip Doy 3 Ltr,2,"$620,80"
11/08/2022,Servilletas Familiares X 1 Sussex Paq 140 Uni,3,"$3,32"
11/08/2022,Rollos De Cocina Familiar 200 P Sussex Rol 4.12 Mtr,4,"$52,65"
11/08/2022,Lavavajillas Bio Act.Lima Cif Doy 450 Ml,3,"$773,31"
11/08/2022,Cabo La Gauchita Metálico Azul,1,"$928,99"
11/08/2022,Mate Cocido X50 Saq. Selec La Tranquer Cja 200 Grm,1,"$1.876,53"
11/08/2022,Rollo Film Adherente + Film De Aluminio SEPARATA 15 Mt / 5 Mt Paquete 2 Unidades,2,"$36,76"
11/08/2022,Choc.P/Taza Familiar Aguila Tab 225 Grm,2,"$2.935,51"
11/08/2022,Lomo De Atún En Aceite La Campagnola 170 Grm,8,"$4.562,47"
11/08/2022,Aceto Balsámico MONTERREY 250 CC,2,"$596,64"
11/08/2022,Pimenton Seleccionado Dulce Alicante Sob 25 Grm,2,"$485,48"
11/08/2022,Mostaza SAVORA Original 250 G,1,"$655,80"
11/08/2022,Queso De Maquina Pategras Sandw La Paulina X Kg,0.5,"$1.559,00"
11/08/2022,Avena Tradicional QUAKER 280 Grm,1.0,"$953,53"
11/08/2022,Esencia Vainilla Dos Anclas Pet 100 Cmq,2,"$2.888,00"
11/08/2022,Granos De Choclo Amarillo Enteros Ciudad Del Lago 300 Grm,3,"$727,96"
11/08/2022,Pimienta Blanca En Grano Alicante Mol 45 Grm,1,"$1.655,00"
11/08/2022,Patitas Pollo . Granja Del . 1100 Grm,1,"$2.240,90"
11/08/2022,Limpiador Líquido Aromatizante Poett Flores De Primavera (Botella) 4 Lts,2,"$210,50"
11/08/2022,Detergente MAGISTRAL Manzana Multiuso Plus 500 Ml,3,"$675,98"
11/08/2022,Limpiador De Cocina Ayudín Poder Activo - Gatillo 500 Ml,1,"$811,40"
11/08/2022,Esponja MORTIMER Cuadriculada 1 Un,6,"$92,79"
11/08/2022,Pack Limpieza Franela Y Rejilla 25grs Valena,1,"$549,00"
11/08/2022,Franela 50x60 Valena,1,"$379,00"
04/08/2022,Leche Descremada LA SERENISIMA 1% Sachet 1 L,8,"$215,28"
04/08/2022,Queso Cremon Light LA SERENISIMA X Kg,1.0,"$2.019,00"
04/08/2022,Manteca Multivitaminas La Serenísima 200gr,6,"$2.422,80"
04/08/2022,Queso Blanco Clásico Light CASANCREM 480gr,1,"$1.546,87"
04/08/2022,Queso Crema Clásico Entero CASANCREM 480gr,1,"$1.546,87"
04/08/2022,Queso Unt Light . FINLANDIA Pot 290 Grm,1,"$2.259,13"
04/08/2022,Mayonesa Clásica Hellmanns Pou 475 Grm,1,"$644,31"
04/08/2022,Dulce De Leche LA SERENISIMA Estilo Colonial 1 Kg,1,"$894,35"
04/08/2022,Dulce De Leche VACALIN Pote 400 Gr,1,"$982,75"
04/08/2022,Sal Fina . Dos Ancla Est 500 Grm,2,"$231,26"
04/08/2022,Harina 0000 Ultra Refinada Pureza Paq 1 Kgm,5,"$185,09"
04/08/2022,Harina Leudante . Morixe Paq 1 Kgm,2,"$202,80"
04/08/2022,Reggianito Xkg,0.25,"$2.389,00"
04/08/2022,Rebozador P/Horno Mama Cocina Paq 1 Kgm,3.0,"$419,11"
04/08/2022,Pure De Tomate SALSATI Tetrabrik 520 Gr,3,"$201,55"
04/08/2022,Salsa Lista Filetto Arcor Pou 340 Grm,4,"$477,14"
04/08/2022,Coditos LUCCHETTI Paquete 500 Gr,2,"$361,14"
04/08/2022,Arroz Largo Fino LUCCHETTI Paquete 1 Kg,3,"$187,02"
04/08/2022,Espagueti LUCCHETTI Paquete 500 Gr,2,"$320,96"
04/08/2022,Tirabuzon LUCCHETTI Paquete 500 Gr,2,"$361,14"
04/08/2022,Aceite Girasol Lira Botella 1.5 L,2,"$548,02"
04/08/2022,Agua Mineral Natural De Manantial Villavicencio 2 L,24,"$97,55"
04/08/2022,Agua Sin Gas Villavicencio 1.5 Ltr,24,"$121,84"
04/08/2022,Aceite Oliva Extra Virgen CAÑUELAS Suave Botella 500 Ml,3,"$1.704,10"
04/08/2022,Salsa De Soja DARAMA Botella 500 Ml,1,"$1.443,90"
04/08/2022,Caldo KNORR Cubo De Gallina 12 Unidades,1,"$2.159,38"
04/08/2022,Caldo Cubo KNORR Balance Verdura 12 Unidades,1,"$2.449,47"
04/08/2022,Caldo KNORR Cubo De Carne 12 Unidades,1,"$2.159,38"
04/08/2022,Azúcar Superior Real LEDESMA 1 Kg.,3,"$265,00"
04/08/2022,Cafe Instantaneo Suave Nescafe Pou 170 Grm,1,"$6.827,35"
04/08/2022,Levadura Seca CALSA Mi Pan 10 Gr,6,"$495,00"
04/08/2022,Crema Leche P/Cocinar La Serenisi Ttb 330 Ml,2,"$1.557,57"
04/08/2022,Crema Leche Clásica P/Bati La Serenisi Ttb 330 Ml,1,"$1.633,03"
04/08/2022,Jugo CEPITA DEL VALLE Multifruta 200 Ml,12,"$477,25"
04/08/2022,Huevo Color Grande El Ombu Cja 12 Uni,2,"$42,67"
04/08/2022,Huevo Blanco Grand . Cja 12 Uni,2,"$38,71"
04/08/2022,Ketchup Hellmann'S Regular 250 G Doypack,2,"$1.080,52"
04/08/2022,Pan Integral BIMBO Artesano 500g,1,"$1.443,98"
04/08/2022,Pan Blanco BIMBO Artesano 500g,3,"$1.283,98"
04/08/2022,Pan Rapiditas Inte Bimbo Paq 265 Grm,1,"$1.301,84"
04/08/2022,Pan Rapiditas BIMBO Paq 275 Grm,3,"$1.254,50"
04/08/2022,Papel Higiénico FELPITA Blanquísimo Simple Hoja Paquete 6 Unidades,3,"$30,11"
04/08/2022,Jabón En Barra REXONA Active 3x125 G,1,"$895,97"
04/08/2022,P.Higienico Doble Hoja Higienol Paq 12 M2,4,"$39,69"
04/08/2022,Jabon Liquido Bio Enzimas Skip Doy 3 Ltr,2,"$620,80"
04/08/2022,Servilletas Familiares X 1 Sussex Paq 140 Uni,3,"$3,32"
04/08/2022,Rollos De Cocina Familiar 200 P Sussex Rol 4.12 Mtr,4,"$52,65"
04/08/2022,Limpiador Líquido CIF Antigrasa Biodegradable 900 Ml Doypack,3,"$223,32"
04/08/2022,Bolsas De Residuos TASK 50 X 70 Cm 20 U. Multiuso,2,"$29,58"
04/08/2022,Bolsas De Residuos TASK 34 X 38 Cm 20 U. Para Baño Oficia Papeleros Pequeños,2,"$12,98"
04/08/2022,Bolsas De Residuos TASK 80 X 110 10 U. Multiuso,3,"$115,19"
04/08/2022,Lavavajillas Bio Act.Lima Cif Doy 450 Ml,3,"$773,31"
04/08/2022,Cabo La Gauchita Metálico Azul,1,"$928,99"
04/08/2022,Escobillón Asapractic Curvo,1,"$1.373,59"
04/08/2022,Secador La Gauchita Doble Goma 40 Cms,1,"$886,89"
04/08/2022,Pack Limpieza Franela Y Rejilla 25grs Valena,1,"$549,00"
04/08/2022,Franela 50x60 Valena,1,"$379,00"
29/06/2022,Leche Descremada LA SERENISIMA 1% Sachet 1 L,6,"$215,28"
29/06/2022,Dulce De Leche Rep C/Fuente De Ca La Serenisi Pot 400 Grm,2,"$985,50"
29/06/2022,Relleno DOLCELLA Sabor Avellanas La Serenisima 300gr,1,"$1.438,16"
29/06/2022,Dulce Leche Santa Clara Pot 400 Grm,1,"$787,62"
29/06/2022,Supremas Sin Piel X Uni (620 Gr) Refrigerados,2,"$441,97"
29/06/2022,Pan Rapiditas Inte Bimbo Paq 265 Grm,2,"$1.301,84"
29/06/2022,Jamon Cocido Feteado Bocatti Bli 130 Grm,2,"$5.346,15"
29/06/2022,Harina 0000 Ultra Refinada Pureza Paq 1 Kgm,6,"$185,09"
29/06/2022,Mate Cocido X50 Saq. Selec La Tranquer Cja 200 Grm,1,"$1.876,53"
29/06/2022,Limpiador De Pisos Plastificados Y Flotantes BLEM Original Repuesto Económico 400ml,3,"$665,53"
29/06/2022,Rollos De Cocina Clásico X3 Uni Sussex Paq 10.3 Mtr,2,"$62,75"
29/06/2022,P.Higienico Hoja Simple X6 Elite Paq 18 M2,3,"$26,64"
29/06/2022,Pañuelos ELITE Doble Hoja Caja 75 Unidades,2,"$2,58"
29/06/2022,Lavandina En Gel Original Vim Bot 700 Ml,2,"$372,27"
29/06/2022,Azúcar Superior Real LEDESMA 1 Kg.,3,"$265,00"
29/06/2022,Arroz Largo Fino LUCCHETTI Paquete 500 Gr,2,"$249,84"
29/06/2022,Queso Crema Clásico Entero CASANCREM 480gr,1,"$1.546,87"
29/06/2022,Manteca Multivitaminas La Serenísima 200gr,4,"$2.422,80"
29/06/2022,Agua Mineral Natural De Manantial Villavicencio 2 L,24,"$97,55"
16/06/2022,Jugo CEPITA DEL VALLE Naranja 200 Ml,6,"$477,25"
16/06/2022,Jugo CEPITA DEL VALLE Manzana 200 Ml,6,"$477,25"
16/06/2022,Galletitas PEPITOS 357g,2,"$1.655,43"
16/06/2022,Gall.Rellena Sab Frambuesa Sonrisas Paq 324 Grm,2,"$1.313,24"
16/06/2022,Leche Descremada LA SERENISIMA 1% Sachet 1 L,6,"$215,28"
16/06/2022,Gall.Rellena . Rumba Paq 336 Grm,1,"$883,89"
16/06/2022,Crema Leche Para Cocinar La Serenisima Ttb 520 Ml,2,"$1.130,59"
16/06/2022,Crema Leche Clásica P/Bati La Serenisi Ttb 330 Ml,3,"$1.633,03"
16/06/2022,Leche Clasica Mas Liviana LA SERENISIMA Sachet 1l,4,"$215,28"
16/06/2022,Aceite Oliva Extra Virgen CAÑUELAS Intenso Botella 500 Ml,3,"$1.175,54"
16/06/2022,Arroz Largo Fino GALLO Versátil Paquete 1 Kg,2,"$192,40"
16/06/2022,Espagueti LUCCHETTI Paquete 500 Gr,3,"$320,96"
16/06/2022,Harina 0000 Ultra Refinada Pureza Paq 1 Kgm,4,"$185,09"
16/06/2022,Harina Leudante . Morixe Paq 1 Kgm,2,"$202,80"
16/06/2022,Cafe Instantaneo Suave Nescafe Pou 170 Grm,2,"$6.827,35"
16/06/2022,Mayonesa Clásica Hellmanns Pou 475 Grm,2,"$644,31"
16/06/2022,Mostaza NATURA Pouch 500 Gr,2,"$374,00"
16/06/2022,Rollo Film Adherente + Film De Aluminio SEPARATA 15 Mt / 5 Mt Paquete 2 Unidades,3,"$36,76"
16/06/2022,Manteca Multivitaminas La Serenísima 200gr,8,"$2.422,80"
16/06/2022,Levadura Seca CALSA Mi Pan 10 Gr,10,"$495,00"
16/06/2022,Queso Cremon Cremoso LA SERENISIMA X Kg,0.5,"$1.779,00"
16/06/2022,Reggianito Xkg,0.5,"$2.389,00"
16/06/2022,"Pategras Sin Lactosa, H La Serenisi X 1 Kgm",0.5,"$2.889,00"
16/06/2022,Queso Untable Clásico FINLANDIA Pot 290 Grm,2.0,"$2.259,13"
16/06/2022,Polvo Para Hornear ROYAL Sobre 50 Gr,2,"$286,22"
16/06/2022,Perejil Deshidratado Alicante Pou 25 Grm,1,"$878,80"
16/06/2022,Oregano Alicante Sob 50 Grm,1,"$607,90"
16/06/2022,Nuez Moscada Entera Alicante Sob 20 Grm,1,"$1.551,45"
16/06/2022,Yogur Natural Batido Endulzado YOGURISIMO 190gr,2,"$782,42"
16/06/2022,Limpiador Antigrasa Extra Power Cocina Mr.Musculo Gat 500 Cmq,1,"$799,98"
16/06/2022,Limpiador Antigras Ext.Power Coci Mr.Musculo Doy 450 Cmq,3,"$600,86"
16/06/2022,Limpiador En Crema CIF Original Multiuso 250 Ml,2,"$895,16"
16/06/2022,Rollo De Cocina CAMPANITA Classic 150 Paños Paquete 3 Unidades,4,"$32,09"
16/06/2022,Pan Blanco BIMBO Artesano 500g,2,"$1.283,98"
16/06/2022,Pan Integral Fuente De Fibr BIMBO Bsa 350 Grm,1,"$982,82"
16/06/2022,Te Negro Clásico X50 So Green Hills Cja 100 Grm,1,"$3.395,10"
16/06/2022,Te C/Sab.Frutilla GREEN HILLS X 20 Saquitos,1,"$704,75"
16/06/2022,Té Price Of Wales Twinings Cja 20 Grm,1,"$3.719,45"
16/06/2022,Té Earl Grey Twinings Cja 20 Grm,1,"$3.719,45"
16/06/2022,Sal Fina . Celusal Paq 500 Grm,2,"$270,38"
16/06/2022,Crema De Avellanas C/Cacao Nutella Pot 350 Grm,1,"$2.602,82"
16/06/2022,Aceite Fritolim Manteca 120 Gr Fritolim Aer .12 Kgm,2,"$3.568,41"
16/06/2022,Aceite Fritolim Clasico Antiad Fritolim Aer 120 Grm,2,"$3.568,41"
16/06/2022,Jabon Liquido Bio Enzimas Skip Doy 3 Ltr,1,"$620,80"
16/06/2022,Papel Higiénico FELPITA Simple Hoja Paquete 4 Unidades,4,"$35,10"
16/06/2022,Jabon En Pan Clásico Zorro Paq 150 Grm,2,"$766,60"
16/06/2022,Huevo Color Grande El Ombu Map 30 Uni,2,"$29,97"
16/06/2022,Agua Mineral Natural De Manantial Villavicencio 2 L,24,"$97,55"
06/06/2022,Rollos De Cocina Clásico X3 Uni Sussex Paq 10.3 Mtr,3,"$62,75"
06/06/2022,Leche Multidefensas 1% LA SERENISIMA Sachet 1l,10,"$267,25"
06/06/2022,Agua Mineral Natural De Manantial Villavicencio 2 L,24,"$97,55"
06/06/2022,Servilletas Familiares X 1 Sussex Paq 140 Uni,2,"$3,32"
06/06/2022,Jabon Liquido Bio Enzimas Skip Doy 3 Ltr,1,"$620,80"
06/06/2022,Sal Gruesa . Dos Ancla Est 1 Kgm,3,"$128,70"
06/06/2022,Té Hierbas Digestivas CACHAMAI Caja 50 Saquitos,2,"$5.879,73"
06/06/2022,Te Manzanilla GREEN HILLS X 20 Uni,2,"$873,10"
06/06/2022,Té Price Of Wales Twinings Cja 20 Grm,1,"$3.719,45"
06/06/2022,Té Earl Grey Twinings Cja 20 Grm,1,"$3.719,45"
06/06/2022,Queso Crema Clásico Entero CASANCREM 480gr,2,"$1.546,87"
06/06/2022,Queso Blanco Clásico Light CASANCREM 480gr,2,"$1.546,87"
06/06/2022,Aceite Oliva Extra Virgen CAÑUELAS Intenso Botella 500 Ml,2,"$1.175,54"
06/06/2022,Crema Leche Para Cocinar La Serenisima Ttb 520 Ml,2,"$1.130,59"
06/06/2022,Harina 0000 Ultra Refinada Pureza Paq 1 Kgm,4,"$185,09"
06/06/2022,Harina Integral Para Pizzas Con Levadura Pureza Paq 1 Kgm,2,"$269,95"
06/06/2022,Aceite Girasol PUREZA Botella 900 Ml,3,"$588,18"
06/06/2022,Rollo Film Adherente + Film De Aluminio SEPARATA 15 Mt / 5 Mt Paquete 2 Unidades,2,"$36,76"
06/06/2022,Jabón Con Proteína De Leche NIVEA Flow Pack Para Todo Tipo De Piel 1 X 125 Grs,2,"$1.071,92"
06/06/2022,Yogur Provitalis Bebible Descremado Frutilla La SERENISIMA Clasico 900gr,2,"$332,88"
06/06/2022,Aceto Balsámico MONTERREY 250 CC,1,"$596,64"
06/06/2022,Levadura Seca CALSA Mi Pan 10 Gr,9,"$495,00"
06/06/2022,Manteca Multivitaminas La Serenísima 200gr,10,"$2.422,80"
06/06/2022,Pan Blanco BIMBO Artesano 500g,2,"$1.283,98"
06/06/2022,Pan Integral Fuente De Fibr BIMBO Bsa 350 Grm,2,"$982,82"
06/06/2022,Lavandina En Gel Lavanda Vim Bot 700 Ml,3,"$372,27"
06/06/2022,Lavavajillas Act.Gel Enj.Fa Cif Bot 900 Ml,3,"$477,76"
06/06/2022,Limpiador En Crema CIF Original Multiuso 250 Ml,1,"$895,16"
26/05/2022,Leche Descremada LA SERENISIMA 1% Sachet 1 L,6,"$215,28"
26/05/2022,Agua Mineral Natural De Manantial Villavicencio 2 L,24,"$97,55"
26/05/2022,Azúcar Superior Real LEDESMA 1 Kg.,4,"$265,00"
26/05/2022,Aceite Oliva Extra Virgen CAÑUELAS Intenso Botella 500 Ml,2,"$1.175,54"
26/05/2022,Aceite Girasol PUREZA Botella 900 Ml,4,"$588,18"
26/05/2022,Rollo Film Adherente + Film De Aluminio SEPARATA 15 Mt / 5 Mt Paquete 2 Unidades,3,"$36,76"
26/05/2022,Manteca Multivitaminas La Serenísima 200gr,6,"$2.422,80"
26/05/2022,Reggianito Xkg,1.0,"$2.389,00"
26/05/2022,Bucattini LUCCHETTI Paquete 500 Gr,2,"$361,14"
26/05/2022,Tirabuzon LUCCHETTI Paquete 500 Gr,2,"$361,14"
26/05/2022,Arroz Largo Fino LUCCHETTI Paquete 500 Gr,2,"$249,84"
26/05/2022,Pan Blanco BIMBO Artesano 500g,4,"$1.283,98"
26/05/2022,Polvo Para Hornear ROYAL Sobre 50 Gr,1,"$286,22"
26/05/2022,Bicarbonato De Sodio Alicante Sob 50 Grm,2,"$174,82"
26/05/2022,Dce. Batata . Esnaola Xkg,0.25,NA
26/05/2022,Cafe Instantaneo Suave Nescafe Pou 170 Grm,2.0,"$6.827,35"
26/05/2022,Leche Clasica Mas Liviana LA SERENISIMA Botella Larga Vida 1l,2,"$334,45"
26/05/2022,Jamon Cocido Feteado Bocatti Bli 130 Grm,4,"$5.346,15"
26/05/2022,Mayonesa Hellmann'S Light 475 G Doypack,1,"$644,31"
26/05/2022,Mayonesa Clásica Hellmanns Pou 475 Grm,1,"$644,31"
26/05/2022,Queso Azul SAN IGNACIO X Kg,0.5,NA
26/05/2022,Jugo CEPITA DEL VALLE Multifruta 200 Ml,6.0,"$477,25"
26/05/2022,Jugo CEPITA DEL VALLE Naranja 200 Ml,6,"$477,25"
26/05/2022,Jugo CEPITA DEL VALLE Manzana 200 Ml,6,"$477,25"
26/05/2022,Aceto Balsamico Don Marcell Bot 500 Cmq,1,"$738,84"
26/05/2022,Crema De Avellanas C/Cacao Nutella Pot 350 Grm,1,"$2.602,82"
26/05/2022,Limpiador De Pisos Plastificados Y Flotantes BLEM Original Repuesto Económico 400ml,4,"$665,53"
26/05/2022,Limpiador En Crema CIF Original Multiuso 250 Ml,1,"$895,16"
26/05/2022,Bolsas De Residuos TASK 50 X 70 Cm 20 U. Multiuso,3,"$29,58"
26/05/2022,Bolsas De Residuos ASURIN 80 X 110 Cm 10 U. Fuertes,4,"$138,17"
26/05/2022,Servilletas ELITE 30x30 Paquete 70 Unidades,3,"$1,15"
26/05/2022,Limpiador Líquido Aromatizante POETT Frescura De Lavanda (Botella) 4 Lts,1,"$206,75"
26/05/2022,Limpiador Líquido Aromatizante POETT Solo Para Tí (Botella) 4 Lts,1,"$206,75"
26/05/2022,Jabon Liquido Bio Enzimas Skip Doy 3 Ltr,1,"$620,80"
26/05/2022,Enjuag.Ropa Clásico Vivere Doy 3 Ltr,1,"$373,83"
26/05/2022,Desinfectante De Ambientes Y Elimina Olores LYSOFORM Original En Aerosol 360ml,2,"$1.216,63"
26/05/2022,P.Higienico Hoja Simple X6 Elite Paq 18 M2,3,"$26,64"
26/05/2022,Té Price Of Wales Twinings Cja 20 Grm,2,"$3.719,45"
26/05/2022,Desodorante Antitranspirante REXONA Invisible En Aerosol 150 Ml,1,"$1.953,26"
26/05/2022,Desodorante Antitranspirante Rexona Hombre En Aerosol 150 Ml,1,"$1.703,13"
26/05/2022,Franela 50x60 Valena,2,"$379,00"
18/05/2022,Aceite Fritolim Manteca 120 Gr Fritolim Aer .12 Kgm,2,"$3.568,41"
18/05/2022,Aceite Fritolim Clasico Antiad Fritolim Aer 120 Grm,2,"$3.568,41"
18/05/2022,Salsa Espec. Inglesa VANOLI Bot 180 Cmq,1,"$1.524,72"
18/05/2022,Azúcar Superior Real LEDESMA 1 Kg.,3,"$265,00"
18/05/2022,Pan Blanco BIMBO Artesano 500g,3,"$1.283,98"
18/05/2022,Rollo Cocina Mega 100 Paños Campanita Paq 3 Rol,3,"$47,28"
18/05/2022,Aceite Girasol PUREZA Botella 900 Ml,6,"$588,18"
18/05/2022,Crema Leche Para Cocinar La Serenisima Ttb 520 Ml,3,"$1.130,59"
18/05/2022,Leche Multidefensas 1% LA SERENISIMA Sachet 1l,10,"$267,25"
18/05/2022,Queso Crema Clásico Entero CASANCREM 480gr,2,"$1.546,87"
18/05/2022,Crema Leche Clásica P/Bati La Serenisi Ttb 330 Ml,3,"$1.633,03"
18/05/2022,Harina 0000 Ultra Refinada Pureza Paq 1 Kgm,4,"$185,09"
18/05/2022,Levadura Seca CALSA Mi Pan 10 Gr,8,"$495,00"
18/05/2022,Queso Cremon Cremoso LA SERENISIMA X Kg,0.5,"$1.779,00"
18/05/2022,Queso Cremon Light LA SERENISIMA X Kg,0.5,"$2.019,00"
18/05/2022,Jamon Cocido Feteado Bocatti Bli 130 Grm,3.0,"$5.346,15"
18/05/2022,Yogur Bebible Descremado La Serenisima Frutilla 900 Gr,2,"$168,88"
18/05/2022,Aceite Oliva Extra Virgen CAÑUELAS Clásico Botella 500 Ml,1,"$1.704,10"
18/05/2022,Queso Untable Clásico FINLANDIA Pot 290 Grm,1,"$2.259,13"
18/05/2022,P.Higienico Ultra Doble Ho Elite Paq 12 M2,5,"$47,66"
18/05/2022,Té Price Of Wales Twinings Cja 20 Grm,2,"$3.719,45"
18/05/2022,Te Boldo GREEN HILLS X 20 Saquitos,1,"$892,50"
12/05/2022,Harina 0000 Ultra Refinada Pureza Paq 1 Kgm,8,"$185,09"
12/05/2022,Leche Multidefensas 1% LA SERENISIMA Sachet 1l,10,"$267,25"
12/05/2022,Mate Cocido X50 Saq. Selec La Tranquer Cja 200 Grm,1,"$1.876,53"
12/05/2022,Queso Untable Clásico FINLANDIA Pot 290 Grm,3,"$2.259,13"
12/05/2022,Arroz Largo Fino LUCCHETTI Estuche X1 Kg,3,"$267,16"
12/05/2022,Leche Clasica Mas Liviana LA SERENISIMA Botella Larga Vida 1l,5,"$334,45"
12/05/2022,Manteca Multivitaminas La Serenísima 200gr,8,"$2.422,80"
12/05/2022,Rollo De Cocina FELPITA 120 Paños Paquete 3 Unidades,3,"$88,95"
12/05/2022,P.Higienico Doble Hoja Higienol Paq 12 M2,2,"$39,69"
12/05/2022,P.Higienico Export Hoja Si Higienol Paq 12 M2,3,"$28,95"
12/05/2022,Agua Mineral Natural De Manantial Villavicencio 2 L,24,"$97,55"
12/05/2022,Reggianito Xkg,0.5,"$2.389,00"
12/05/2022,Detergente MAGISTRAL Manzana Multiuso Plus 500 Ml,4.0,"$675,98"
12/05/2022,Telas KLARO Aerosol 360 CC,3,"$663,86"
12/05/2022,Desinfectante De Ambientes Y Elimina Olores LYSOFORM Original En Aerosol 360ml,2,"$1.216,63"
12/05/2022,Caldo KNORR Cubo De Gallina 12 Unidades,2,"$2.159,38"
12/05/2022,Caldo KNORR En Cubos De Verduras 12 Unidades,2,"$2.159,38"
12/05/2022,Pan Blanco BIMBO Artesano 500g,2,"$1.283,98"
12/05/2022,Pan Integral Fuente De Fibr BIMBO Bsa 350 Grm,1,"$982,82"
12/05/2022,Rollo Papel Manteca Separata Rol 1 Uni,2,"$139,70"
12/05/2022,Nuez Moscada Grano La Parmesan Bli 2 Grm,1,"$18.980,00"
12/05/2022,"Guante Go! Classic - Talle ""M""",2,"$757,09"
12/05/2022,Bolsas De Residuos ASURIN 80 X 110 Cm 10 U. Fuertes,3,"$138,17"
12/05/2022,Bolsas De Residuos ASURIN 34 X 38 Cm 30 U. Para Baños,2,"$11,37"
04/05/2022,Esencia Vainilla Dos Anclas Pet 100 Cmq,2,"$2.888,00"
04/05/2022,Azúcar Superior Real LEDESMA 1 Kg.,4,"$265,00"
04/05/2022,Pan Blanco BIMBO Artesano 500g,4,"$1.283,98"
04/05/2022,Pan Integral Fuente De Fibr BIMBO Bsa 350 Grm,3,"$982,82"
04/05/2022,Leche Multidefensas 1% LA SERENISIMA Sachet 1l,10,"$267,25"
04/05/2022,Crema Leche Para Cocinar La Serenisima Ttb 520 Ml,3,"$1.130,59"
04/05/2022,Crema Leche Clásica P/Bati La Serenisi Ttb 330 Ml,2,"$1.633,03"
04/05/2022,Aceite Girasol PUREZA Botella 900 Ml,5,"$588,18"
04/05/2022,Sal Gruesa . Celusal Paq 1 Kgm,3,"$213,13"
04/05/2022,Mayonesa Clásica Hellmanns Bot 320 Grm,1,"$812,71"
04/05/2022,Mayonesa HELLMANNS Light 950 G Doypack,1,"$578,26"
04/05/2022,Agua Mineral Natural De Manantial Villavicencio 2 L,24,"$97,55"
04/05/2022,Queso Untable Clásico FINLANDIA Pot 290 Grm,2,"$2.259,13"
04/05/2022,Rebozador P/Horno Mama Cocina Paq 1 Kgm,3,"$419,11"
04/05/2022,Harina 0000 Ultra Refinada Pureza Paq 1 Kgm,4,"$185,09"
04/05/2022,Harina Leudante Ultra Refinada Pureza Paq 1 Kgm,4,"$221,83"
04/05/2022,Cacao En Polvo Instantáneo NESQUIK Paq 800 Grm,2,"$1.305,68"
04/05/2022,Choc.P/Taza . Aguila Tab 100 Grm,3,"$3.609,90"
04/05/2022,Chocolate Extrafino Amar Aguila Tab 150 Grm,1,"$4.069,93"
04/05/2022,Pure De Tomate SALSATI Tetrabrik 520 Gr,3,"$201,55"
04/05/2022,Tomate Perita LA CAMPAGNOLA Lata 400 Gr,3,"$472,75"
04/05/2022,Levadura Seca CALSA Mi Pan 10 Gr,10,"$495,00"
04/05/2022,Manteca Multivitaminas La Serenísima 200gr,10,"$2.422,80"
04/05/2022,Sal Fina . Celusal Paq 500 Grm,3,"$270,38"
04/05/2022,Rollo Film Adherente + Film De Aluminio SEPARATA 15 Mt / 5 Mt Paquete 2 Unidades,3,"$36,76"
04/05/2022,Palitos Para Brochette IDEAL Paq 25 Uni,2,"$7,32"
04/05/2022,Escarbadientes IDEAL Paq 1 X 50 Uni.,2,"$75,99"
04/05/2022,Queso Blanco Clásico Light CASANCREM 480gr,1,"$1.546,87"
04/05/2022,Queso Crema Clásico Entero CASANCREM 480gr,3,"$1.546,87"
04/05/2022,"Bolsas Herméticas ZIPLOC 16,5 X 14,9 Cm 25 U. Chicas",1,"$37,86"
04/05/2022,"Bolsas Herméticas ZIPLOC 26,8 X 27,3 Cm 15 U. Para Organizar",1,"$74,40"
04/05/2022,Té Price Of Wales Twinings Cja 20 Grm,3,"$3.719,45"
04/05/2022,Té Earl Grey Twinings Cja 20 Grm,2,"$3.719,45"
04/05/2022,Te C/Sab.Frutilla GREEN HILLS X 20 Saquitos,2,"$704,75"
04/05/2022,Te Earl Grey GREEN HILLS X 20 Uni,1,"$955,00"
04/05/2022,Aceite Oliva Virgen Extra Ciudad Del Lago Botella 500 Ml,1,"$1.944,72"
04/05/2022,Yogur Natural Entero Sin Azúcar YOGURISIMO 300gr,3,"$1.226,33"
04/05/2022,Gall.Dulces Chocolat Chocolinas Paq 250 Grm,4,"$707,96"
04/05/2022,Te Manzanilla GREEN HILLS X 20 Uni,1,"$873,10"
04/05/2022,Ketchup Hellmann'S Regular 500 G,2,"$629,00"
04/05/2022,Aceto Balsamico Don Marcell Bot 500 Cmq,1,"$738,84"
04/05/2022,Salsa De Soja COCINERO Pet 500 Ml,2,"$1.094,40"
04/05/2022,Mostaza BRENNAN´S Dijon Suave Tradicional Frasco 200 Gr,1,"$4.534,40"
04/05/2022,Mostaza SAVORA Original 500 G,2,"$555,80"
04/05/2022,Jabon En Pan Clásico Zorro Paq 150 Grm,3,"$766,60"
04/05/2022,Rollos De Cocina Clásico X3 Uni Sussex Paq 10.3 Mtr,4,"$62,75"
04/05/2022,Telas KLARO Aerosol 360 CC,2,"$663,86"
04/05/2022,Limpiador Cif Gel Ultra Blanco 500 Ml,1,"$395,82"
04/05/2022,Lavavajillas Act.Gel Enj.Fa Cif Bot 900 Ml,3,"$477,76"
04/05/2022,P.Higienico Ultra Doble Ho Elite Paq 12 M2,4,"$47,66"
04/05/2022,Servilletas ELITE 30x30 Paquete 70 Unidades,3,"$1,15"
04/05/2022,Limp. Cocina Anti Grasa ECOVITA Doy 900 Ml,2,"$131,10"
04/05/2022,Rejilla Magic Paño De Glow X 1 Uni,1,"$470,49"
04/05/2022,Paño M/Uso 38 X 36 Cm MORTIMER Bsa 3 Uni,2,"$123,27"
04/05/2022,Paño Absorbente Virulana TWIST 38 X 36 Paq 1 Uni,4,"$62,99"
04/05/2022,Trapo D/Piso Extra Suave Gr Mister Trap X 1 Uni,3,"$248,99"
04/05/2022,Jabón Antibacterial Herbal NIVEA Flow Pack Para Todo Tipo De Piel 1 X 90 Grs,2,"$2.266,55"
04/05/2022,Limpiador De Pisos Plastificados Y Flotantes BLEM Original Repuesto Económico 400ml,4,"$665,53"
04/05/2022,Secador La Gauchita Doble Goma 40 Cms,1,"$886,89"
04/05/2022,Cabo Metalico GAUCHITA 1 Uni,1,"$928,99"
04/05/2022,Escobilla Sanitaria Con Bols La Gauchita,1,"$1.309,69"
04/05/2022,"Guante Go! Classic - Talle ""M""",1,"$757,09"
04/05/2022,Lustramuebles BLEM Brillo Y Protección Madera Original Aerosol 360cc,1,"$1.543,86"
04/05/2022,Crema De Avellanas C/Cacao Nutella Pot 140 Grm,2,"$3.142,78"
04/05/2022,Franela 50x60 Valena,2,"$379,00"
27/04/2022,Leche Multidefensas 1% LA SERENISIMA Sachet 1l,8,"$267,25"
27/04/2022,Servilletas ELITE 30x30 Paquete 70 Unidades,3,"$1,15"
27/04/2022,P.Higienico Hoja Simple X6 Elite Paq 18 M2,2,"$26,64"
27/04/2022,P.Higienico Ultra Doble Ho Elite Paq 12 M2,1,"$47,66"
27/04/2022,Pan Blanco BIMBO Artesano 500g,3,"$1.283,98"
27/04/2022,Yogur Estilo Griego Entero Frutillas A La Crema YOGURISIMO ​125gr,4,"$2.167,50"
27/04/2022,Yogur Bebible Descremado La Serenisima Frutilla 900 Gr,1,"$168,88"
27/04/2022,Yogur Bebible Descremado La Serenisima Vainilla 900 Gr,1,"$168,88"
27/04/2022,Levadura Seca CALSA Mi Pan 10 Gr,6,"$495,00"
27/04/2022,Reggianito Xkg,0.5,"$2.389,00"
27/04/2022,Jabon Liquido Bio Enzimas Skip Doy 3 Ltr,2.0,"$620,80"
27/04/2022,Aceite Girasol PUREZA Botella 900 Ml,3,"$588,18"
27/04/2022,Agua Mineral Natural De Manantial Villavicencio 2 L,24,"$97,55"
27/04/2022,VIRULANA Inoxy X1 Uni,1,"$59,00"
27/04/2022,Harina 0000 Ultra Refinada Pureza Paq 1 Kgm,4,"$185,09"
27/04/2022,Harina Leudante Ultra Refinada Pureza Paq 1 Kgm,2,"$221,83"
27/04/2022,Limpiador Líquido Aromatizante POETT Frescura De Lavanda (Botella) 4 Lts,2,"$206,75"
22/04/2022,Leche Multidefensas 1% LA SERENISIMA Sachet 1l,6,"$267,25"
22/04/2022,Lavandina En Gel Lavanda Vim Bot 700 Ml,4,"$372,27"
22/04/2022,Mayonesa Clásica Hellmanns Bot 320 Grm,2,"$812,71"
22/04/2022,Mayonesa Hellmann'S Light 237 G Doypack,1,"$772,15"
22/04/2022,Limpiador De Pisos Plastificados Y Flotantes BLEM Aloe Y Pepino Repuesto Económico 400ml,3,"$829,72"
22/04/2022,Sal Fina . Dos Anclas Paq 500 Grm,3,"$235,78"
22/04/2022,Queso Untable Clásico FINLANDIA Pot 290 Grm,1,"$2.259,13"
22/04/2022,Pan Integral Fuente De Fibr BIMBO Bsa 350 Grm,1,"$982,82"
22/04/2022,Pan Blanco BIMBO Artesano 500g,2,"$1.283,98"
22/04/2022,Mate Cocido X50 Sob. Selec La Tranquer Cja 200 Grm,1,"$2.439,86"
22/04/2022,Jamon Cocido Feteado Bocatti Bli 130 Grm,4,"$5.346,15"
22/04/2022,Tirabuzon LUCCHETTI Paquete 500 Gr,3,"$361,14"
22/04/2022,Crema Leche Para Cocinar La Serenisima Ttb 520 Ml,2,"$1.130,59"
22/04/2022,Manteca Multivitaminas La Serenísima 200gr,5,"$2.422,80"
22/04/2022,Pan Rapiditas Inte Bimbo Paq 265 Grm,2,"$1.301,84"
22/04/2022,Pan Rapiditas BIMBO Paq 275 Grm,2,"$1.254,50"
22/04/2022,Harina 0000 Ultra Refinada Pureza Paq 1 Kgm,3,"$185,09"
22/04/2022,Harina Leudante Ultra Refinada Pureza Paq 1 Kgm,2,"$221,83"
22/04/2022,Rebozador P/Horno Mama Cocina Paq 1 Kgm,3,"$419,11"
22/04/2022,Azúcar Superior Real LEDESMA 1 Kg.,2,"$265,00"
22/04/2022,Queso Crema Clásico Entero CASANCREM 480gr,3,"$1.546,87"
22/04/2022,Agua Mineral Natural De Manantial Villavicencio 2 L,24,"$97,55"
12/04/2022,Pan Blanco BIMBO Artesano 500g,3,"$1.283,98"
12/04/2022,Pan Integral Fuente De Fibr BIMBO Bsa 350 Grm,2,"$982,82"
12/04/2022,Queso Cremon Light LA SERENISIMA X Kg,1.0,"$2.019,00"
12/04/2022,Port Salut Sin Lactosa LA SERENISIMA X 1 Kgm,0.5,"$1.959,00"
12/04/2022,Rollos De Cocina Familiar 200 P Sussex Rol 4.12 Mtr,4.0,"$52,65"
12/04/2022,Arroz Largo Fino GALLO Versátil Paquete 1 Kg,3,"$192,40"
12/04/2022,Leche Multidefensas 1% LA SERENISIMA Sachet 1l,6,"$267,25"
12/04/2022,Levadura Seca CALSA Mi Pan 10 Gr,5,"$495,00"
12/04/2022,Oregano Alicante Sob 50 Grm,1,"$607,90"
12/04/2022,Perejil Deshidratado Alicante Pou 25 Grm,2,"$878,80"
12/04/2022,Manteca Multivitaminas La Serenísima 200gr,8,"$2.422,80"
12/04/2022,Rebozador P/Horno Mama Cocina Paq 1 Kgm,5,"$419,11"
12/04/2022,Crema Leche Para Cocinar La Serenisima Ttb 520 Ml,3,"$1.130,59"
12/04/2022,Paño Absorbente Virulana TWIST 38 X 36 Paq 1 Uni,3,"$62,99"
12/04/2022,Jugo CEPITA DEL VALLE Multifruta 1 Lt,12,"$254,24"
12/04/2022,Bolsa Freezer 35x45 SEPARATA Bol 20 Uni,2,"$31,50"
12/04/2022,Repelente Para Mosquitos Off! Smooth & Dry Aerosol 114cc,2,"$6.477,10"
12/04/2022,Repelente Para Mosquitos OFF! Extra Duración Aerosol 170cc,1,"$2.629,35"
12/04/2022,Repelente Para Mosquitos Off! Family Spray 200ml,1,"$2.339,95"
12/04/2022,Insecticida RAID Mata Moscas Y Mosquitos Sin Olor En Aerosol 360cc,4,"$877,75"
12/04/2022,Queso Blanco Clásico Light CASANCREM 480gr,1,"$1.546,87"
12/04/2022,Queso Crema Clásico Entero CASANCREM 480gr,1,"$1.546,87"
12/04/2022,Agua Mineral Natural De Manantial Villavicencio 2 L,24,"$97,55"
12/04/2022,Jamon Cocido Feteado Bocatti Bli 130 Grm,4,"$5.346,15"
12/04/2022,Rollo Film Adherente + Film De Aluminio SEPARATA 15 Mt / 5 Mt Paquete 2 Unidades,3,"$36,76"
12/04/2022,P.Higienico Hoja Simple X6 Elite Paq 18 M2,2,"$26,64"
12/04/2022,Limpiador Líquido Aromatizante POETT Frescura De Lavanda (Botella) 4 Lts,1,"$206,75"
12/04/2022,Fideos Soperos Sem. LUCCHETTI Municiones Paq 500 Grm,1,"$361,14"
12/04/2022,Cabellos De Ángel LUCCHETTI Paquete 500 Gr,2,"$556,76"
12/04/2022,Huevo Color Maple X 30 Uni 30 Uni,1,"$36,57"
30/03/2022,Agua Mineral Natural De Manantial Villavicencio 2 L,24,"$97,55"
30/03/2022,Harina 0000 Ultra Refinada Pureza Paq 1 Kgm,4,"$185,09"
30/03/2022,Mayonesa Clásica Hellmanns Bot 320 Grm,1,"$812,71"
30/03/2022,Mayonesa HELLMANNS Light 950 G Doypack,1,"$578,26"
30/03/2022,Tirabuzon LUCCHETTI Paquete 500 Gr,3,"$361,14"
30/03/2022,Espagueti LUCCHETTI Paquete 500 Gr,3,"$320,96"
30/03/2022,Aceite Oliva Extra Virgen S Cocinero Bot 500 Ml,2,"$2.470,38"
30/03/2022,Cereal Kelloggs Zucaritas Est 730 Grm,2,"$1.416,42"
30/03/2022,Cereal Frutal TRIX 480 Grm,2,"$1.404,14"
30/03/2022,Rollos De Cocina D/H Maxirollo Elite Paq 2 Uni,4,"$145,50"
30/03/2022,Salsa Filetto La Campagnola Pou 340 Grm,4,"$473,67"
30/03/2022,Vinagre Alcohol MENOYO Pet 1 Ltr,1,"$175,76"
30/03/2022,Pan Blanco BIMBO Artesano 500g,2,"$1.283,98"
30/03/2022,Pan Integral Fuente De Fibr BIMBO Bsa 350 Grm,2,"$982,82"
30/03/2022,Pan De Hamburguesa BIMBO Artesano 4u 240 Grm,3,"$1.429,12"
30/03/2022,Dulce Leche LA SERENISIMA Clásico Fuente De Calcio 400 Gr,1,"$583,87"
30/03/2022,Dulce De Membrillo Esnaola Cja 1 Kgm,1,"$499,00"
30/03/2022,Dulce De Batata Esnaola Cja 1 Kgm,1,"$499,00"
30/03/2022,Queso Blanco Clásico Light CASANCREM 480gr,1,"$1.546,87"
30/03/2022,Queso Crema Clásico Entero CASANCREM 480gr,1,"$1.546,87"
30/03/2022,Queso Untable Original Philadelphi Pot 300 Grm,1,"$4.818,66"
30/03/2022,Leche Multidefensas 1% LA SERENISIMA Sachet 1l,6,"$267,25"
30/03/2022,Yogur Bebible Descremado La Serenisima Frutilla 900 Gr,1,"$168,88"
30/03/2022,Yogur Bebible Descremado La Serenisima Vainilla 900 Gr,1,"$168,88"
30/03/2022,Prelavado TRENET Espuma Hyperactive Botella 500 Cc,1,"$1.069,38"
30/03/2022,Jabón Líquido Skip Regular Ph Balanceado 3 L Doypack,1,"$310,67"
30/03/2022,Enjuag.Ropa Clásico Vivere Doy 3 Ltr,1,"$373,83"
30/03/2022,Desinfectante De Ambientes Y Elimina Olores LYSOFORM Lavanda En Aerosol 495ml,3,"$1.017,75"
30/03/2022,Lavavajillas Multiuso Manza Magistral Bot 750 Ml,2,"$606,65"
30/03/2022,Manteca Multivitaminas La Serenísima 200gr,6,"$2.422,80"
30/03/2022,Trapo D/Piso Consorcio Gris Mister Trap X 1 Uni,2,"$478,99"
30/03/2022,Queso FINLANDIA Chef Hebras Cheddar 130gr,4,"$3.992,30"
30/03/2022,Coditos LUCCHETTI Paquete 500 Gr,3,"$361,14"
30/03/2022,Leche Multidefensas 3% LA SERENISIMA Sachet 1l,2,"$267,25"
30/03/2022,Te C/Sab.Frutilla GREEN HILLS X 20 Saquitos,1,"$704,75"
30/03/2022,Te Earl Grey GREEN HILLS X 20 Uni,1,"$955,00"
30/03/2022,Te Relax Mezcla D Green Hills Cja 20 Grm,1,"$1.528,55"
30/03/2022,Franela 50x60 Valena,3,"$379,00"
25/03/2022,P.Higienico Hoja Simple X6 Elite Paq 18 M2,3,"$26,64"
25/03/2022,P.Higienico Ultra Doble Ho Elite Paq 12 M2,5,"$47,66"
25/03/2022,Jugo CEPITA DEL VALLE Multifruta 200 Ml,12,"$477,25"
25/03/2022,Aceite Fritolim Manteca 120 Gr Fritolim Aer .12 Kgm,3,"$3.568,41"
25/03/2022,Rebozador P/Horno Mama Cocina Paq 1 Kgm,4,"$419,11"
25/03/2022,Cafe Instantaneo Suave Nescafe Pou 170 Grm,4,"$6.827,35"
25/03/2022,Azúcar Superior Real LEDESMA 1 Kg.,3,"$265,00"
25/03/2022,Levadura Seca CALSA Mi Pan 10 Gr,8,"$495,00"
25/03/2022,Arroz Largo Fino GALLO Integral Con Fibra Paquete 500 Gr,1,"$386,14"
25/03/2022,Arroz Largo Fino GALLO Versátil Paquete 1 Kg,4,"$192,40"
25/03/2022,Jamon Cocido Feteado Bocatti Bli 130 Grm,6,"$5.346,15"
25/03/2022,Caldo KNORR En Cubos De Verduras 12 Unidades,2,"$2.159,38"
25/03/2022,Té Lady Grey Twinings Cja 20 Grm,2,"$3.719,45"
25/03/2022,Choclo Amarillo Enteros ARCOR Lata 300 Gr,6,"$575,12"
25/03/2022,Choc.P/Taza Familiar Aguila Tab 225 Grm,3,"$2.935,51"
25/03/2022,Crema De Avellanas C/Cacao Nutella Pot 140 Grm,1,"$3.142,78"
25/03/2022,Harina Leudante Ultra Refinada 0% Sodio PUREZA 1 Kg,3,"$225,12"
25/03/2022,Paño P/Piso 3 Paños 50 X 5 Skay Paq 3 Uni,2,"$222,00"
25/03/2022,Paño Paño Multiuso Glow X 1 Uni,2,"$304,89"
25/03/2022,Esponja MORTIMER Cuadriculada Abrasiva 1 Un,4,"$128,99"
25/03/2022,Yogur Bebible Parcialmente Descremado Vainilla YOGURISIMO 1kg,2,"$522,20"
25/03/2022,Yogur Estilo Griego Entero Frutillas A La Crema YOGURISIMO ​125gr,5,"$2.167,50"
25/03/2022,"Bolsas Herméticas ZIPLOC 26,8 X 27,3 Cm 15 U. Para Organizar",2,"$74,40"
25/03/2022,"Bolsas Herméticas ZIPLOC 20 X 14,9 X 4,7 Cm 11 U. Para Organizar",1,"$101,46"
25/03/2022,Jabón De Tocador DOVE Original Multipack 6x90 G,2,"$1.837,01"
25/03/2022,Leche Multidefensas 1% LA SERENISIMA Sachet 1l,8,"$267,25"
25/03/2022,Pan Rapiditas BIMBO Paq 275 Grm,3,"$1.254,50"
25/03/2022,Pan Rapiditas Ligh Bimbo Paq 275 Grm,2,"$1.254,50"
25/03/2022,Agua Mineral Natural De Manantial Villavicencio 2 L,18,"$97,55"
25/03/2022,Queso Cheddar Feteado La Serenisima 150gr,2,"$3.986,66"
25/03/2022,Crema Leche P/Cocinar La Serenisi Ttb 330 Ml,3,"$1.557,57"
25/03/2022,Aceite Girasol Plus Omega 9 Cocinero Bot 1.5 Ltr,2,"$428,27"
14/03/2022,P.Higienico Hoja Simple X6 Elite Paq 18 M2,3,"$26,64"
14/03/2022,P.Higienico Ultra Doble Ho Elite Paq 12 M2,5,"$47,66"
14/03/2022,Jugo CEPITA DEL VALLE Multifruta 200 Ml,12,"$477,25"
14/03/2022,Aceite Fritolim Manteca 120 Gr Fritolim Aer .12 Kgm,3,"$3.568,41"
14/03/2022,Rebozador P/Horno Mama Cocina Paq 1 Kgm,4,"$419,11"
14/03/2022,Cafe Instantaneo Suave Nescafe Pou 170 Grm,4,"$6.827,35"
14/03/2022,Mayonesa HELLMANNS Clásica Doypack 237 G,3,"$383,54"
14/03/2022,Azúcar Superior Real LEDESMA 1 Kg.,3,"$265,00"
14/03/2022,Levadura Seca CALSA Mi Pan 10 Gr,8,"$495,00"
14/03/2022,Arroz Largo Fino LUCCHETTI Paquete 500 Gr,2,"$249,84"
14/03/2022,Arroz Largo Fino GALLO Integral Con Fibra Paquete 500 Gr,1,"$386,14"
14/03/2022,Arroz Largo Fino GALLO Versátil Paquete 1 Kg,2,"$192,40"
14/03/2022,Jamon Cocido Feteado Bocatti Bli 130 Grm,6,"$5.346,15"
14/03/2022,Caldo KNORR En Cubos De Verduras 12 Unidades,2,"$2.159,38"
14/03/2022,Té Lady Grey Twinings Cja 20 Grm,2,"$3.719,45"
14/03/2022,Choclo Amarillo Enteros ARCOR Lata 300 Gr,6,"$575,12"
14/03/2022,Choc.P/Taza Familiar Aguila Tab 225 Grm,3,"$2.935,51"
14/03/2022,Crema De Avellanas C/Cacao Nutella Pot 140 Grm,1,"$3.142,78"
14/03/2022,Harina Leudante Ultra Refinada 0% Sodio PUREZA 1 Kg,3,"$225,12"
14/03/2022,Detergente Cif Limón Verde 750 Ml,4,"$466,65"
14/03/2022,Paño P/Piso 3 Paños 50 X 5 Skay Paq 3 Uni,2,"$222,00"
14/03/2022,Paño Paño Multiuso Glow X 1 Uni,2,"$304,89"
14/03/2022,Esponja MORTIMER Cuadriculada Abrasiva 1 Un,4,"$128,99"
14/03/2022,Yogur Bebible Parcialmente Descremado Vainilla YOGURISIMO 1kg,2,"$522,20"
14/03/2022,Yogur Estilo Griego Entero Frutillas A La Crema YOGURISIMO ​125gr,5,"$2.167,50"
14/03/2022,"Bolsas Herméticas ZIPLOC 26,8 X 27,3 Cm 15 U. Para Organizar",2,"$74,40"
14/03/2022,"Bolsas Herméticas ZIPLOC 20 X 14,9 X 4,7 Cm 11 U. Para Organizar",1,"$101,46"
14/03/2022,Bolsas De Residuos ASURIN 80 X 110 Cm 10 U. Fuertes,2,"$138,17"
14/03/2022,Jabón De Tocador DOVE Original Multipack 6x90 G,2,"$1.837,01"
14/03/2022,Leche Multidefensas 1% LA SERENISIMA Sachet 1l,8,"$267,25"
14/03/2022,Pan Rapiditas BIMBO Paq 275 Grm,3,"$1.254,50"
14/03/2022,Pan Rapiditas Ligh Bimbo Paq 275 Grm,2,"$1.254,50"
14/03/2022,Agua Mineral Natural De Manantial Villavicencio 2 L,18,"$97,55"
03/03/2022,Queso Cremon Light LA SERENISIMA X Kg,1.0,"$2.019,00"
03/03/2022,Jamon Cocido Feteado Bocatti Bli 130 Grm,5,"$5.346,15"
03/03/2022,Pan Blanco BIMBO Artesano 500g,3,"$1.283,98"
03/03/2022,Pan Integral Fuente De Fibr BIMBO Bsa 350 Grm,3,"$982,82"
03/03/2022,Manteca Multivitaminas La Serenísima 200gr,8,"$2.422,80"
03/03/2022,Huevo Color Grande El Ombu Cja 12 Uni,3,"$42,67"
03/03/2022,Jugo CEPITA DEL VALLE Multifruta 200 Ml,12,"$477,25"
03/03/2022,Harina Leudante Ultra Refinada 0% Sodio PUREZA 1 Kg,3,"$225,12"
03/03/2022,Harina 0000 Ultra Refinada Pureza Paq 1 Kgm,5,"$185,09"
03/03/2022,Mermelada Sabor Frutilla La Campagnola Fra 454 Grm,3,"$1.408,59"
03/03/2022,Comino Molido La Parmesana Sobre 50 Gr,2,"$325,42"
03/03/2022,Tap.Empanada LA SALTEÑA Bli 605 Grm,2,"$592,77"
03/03/2022,Empanadas Freir X 15,1,"$705,09"
03/03/2022,Queso Untable Clásico Finlandia Pot 180 Grm,2,"$2.432,50"
03/03/2022,Gall.Dulces Chocolat Chocolinas Paq 250 Grm,3,"$707,96"
03/03/2022,Crema Leche P/Cocinar La Serenisi Ttb 330 Ml,5,"$1.557,57"
03/03/2022,Rollo Cocina Mega 100 Paños Campanita Paq 3 Rol,3,"$47,28"
03/03/2022,Yogur Cremix Entero Vainilla YOGURISIMO 120gr,8,"$1.392,50"
03/03/2022,Postre Dulce De Leche DANETTE 95gr,5,"$1.735,78"
03/03/2022,Patitas Pollo . Granja Del . 1100 Grm,2,"$2.240,90"
03/03/2022,Nuggets Crocantes Granja Del Paq 900 Grm,2,"$2.362,77"
03/03/2022,Queso Crema Clásico Entero CASANCREM 480gr,1,"$1.546,87"
03/03/2022,Queso Blanco Clásico Light CASANCREM 480gr,1,"$1.546,87"
03/03/2022,Agua Mineral Natural De Manantial Villavicencio 2 L,24,"$97,55"
03/03/2022,Salsa Filetto La Campagnola Pou 340 Grm,3,"$473,67"
03/03/2022,Crema De Avellanas C/Cacao Nutella Pot 350 Grm,1,"$2.602,82"
03/03/2022,Pan Rapiditas BIMBO Paq 275 Grm,2,"$1.254,50"
03/03/2022,Mayonesa HELLMANNS Clásica Doypack 237 G,1,"$383,54"
03/03/2022,Choclo Enteros BONDUELLE Lata 300 Gr,2,"$3.483,89"
03/03/2022,Choclo Entero Ciudad Del Lago 300 Gr,4,"$727,96"
03/03/2022,Telas KLARO Aerosol 360 CC,2,"$663,86"
03/03/2022,Lavandina En Gel AYUDÍN Original 450 Ml,2,"$444,42"
03/03/2022,Rollo Papel Aluminio SEPARATA 5 Metros Paquete 1 Unidad,3,"$95,10"
03/03/2022,Bolsas De Polietileno TRASH 45 X 60 Cm 30 U. Multiuso,2,"$18,57"
03/03/2022,Espagueti LUCCHETTI Paquete 500 Gr,2,"$320,96"
03/03/2022,Aceite Oliva Extra Virgen S Cocinero Bot 500 Ml,2,"$2.470,38"
03/03/2022,Servilletas ELITE 30x30 Paquete 70 Unidades,2,"$1,15"
03/03/2022,Cereal Almohaditas Rellenas Sabor Avellana Snuks Cja 240 Grm,1,"$2.174,95"
03/03/2022,Cereal Kelloggs Zucaritas Est 730 Grm,1,"$1.416,42"
03/03/2022,Cereal Zucarita Dulce De Leche Kelloggs Cja 480 Grm,1,"$1.854,14"
17/02/2022,Patitas Pollo . Granja Del . 1100 Grm,3,"$2.240,90"
17/02/2022,Harina 0000 Ultra Refinada Pureza Paq 1 Kgm,3,"$185,09"
17/02/2022,Leche Parcialmente Descremada Liviana LA SERENISIMA Larga Vida 1l,5,"$317,30"
17/02/2022,Bolsas De Residuos TASK 45 X 60 Cm 20 U. Pequeña Multiuso,3,"$19,60"
17/02/2022,Bolsas De Residuos TRASH 80 X 110 Cm 10 U. Multiuso,3,"$114,66"
17/02/2022,Secador La Gauchita Secamax 40 Cm,1,"$656,99"
17/02/2022,Agua Mineral Natural De Manantial Villavicencio 2 L,24,"$97,55"
17/02/2022,Papas Tradicional Mc Cain Bsa 720 Grm,3,"$716,45"
17/02/2022,Café Instantáneo Cortado NESCAFE Pou 125 Grm,1,"$2.306,80"
17/02/2022,Huevo Color Grande El Ombu Cja 12 Uni,3,"$42,67"
17/02/2022,Vanish Quitamanchas Líquido Rosa Repuesto 650ml,2,"$575,98"
17/02/2022,Levadura Seca CALSA Mi Pan 10 Gr,5,"$495,00"
17/02/2022,Cereal Kelloggs Zucaritas Paq 510 Grm,2,"$1.588,21"
17/02/2022,"Guante Go! Classic - Talle ""M""",2,"$757,09"
17/02/2022,Desinfectante De Ambientes Y Elimina Olores LYSOFORM Original En Aerosol 360ml,4,"$616,63"
17/02/2022,Lustramuebles BLEM Brillo Y Protección Madera Original Aerosol 360cc,3,"$1.543,86"
17/02/2022,Mayonesa HELLMANNS Clásica Doypack 475 G,1,"$325,05"
17/02/2022,Postre Danette Chocolate 95 Gr,10,"$851,05"
17/02/2022,Leche Parcialmente Descremada Liviana LA SERENISIMA Botella Larga Vida 1l,5,"$328,20"
17/02/2022,Leche Multidefensas 2% LA SERENISIMA Sachet 1l,4,"$267,25"
17/02/2022,Jugo CEPITA DEL VALLE Multifruta 200 Ml,12,"$477,25"
17/02/2022,Limon Comercia Xkg,3.0,"$329,00"
17/02/2022,Rejilla Bar Valena Bsa 1 Uni,1,"$243,29"
17/02/2022,Rejilla #104dobl Valena X 1 Uni,1,"$208,99"
17/02/2022,Rejilla Valena Para Coche Super 1 Uni,1,"$258,89"
17/02/2022,Paño De Cocina Ecol Mister Trap Paq 1 Uni,1,"$308,99"
17/02/2022,P.Higienico Hoja Simple X6 Elite Paq 18 M2,3,"$26,64"
17/02/2022,Franela 50x60 Valena,3,"$379,00"
08/02/2022,Rebozador P/Horno Mama Cocina Paq 1 Kgm,6,"$419,11"
08/02/2022,Pan Rapiditas BIMBO Paq 275 Grm,3,"$1.254,50"
08/02/2022,Pan Rapiditas Ligh Bimbo Paq 275 Grm,3,"$1.254,50"
08/02/2022,Levadura Fresca CALSA 50 Gr X 2 Unidades,6,"$959,00"
08/02/2022,Sal Gruesa . Dos Ancla Est 1 Kgm,4,"$128,70"
08/02/2022,Limpiador De Cocina MR. MÚSCULO Líquido Antigrasa Repuesto 900ml,3,"$208,87"
08/02/2022,Mayonesa HELLMANNS Clásica Doypack 475 G,3,"$325,05"
08/02/2022,Choclo Blanco Ciudad Del Lago Cremoso Lata 350 Gr,6,"$172,82"
08/02/2022,Pan Blanco BIMBO Artesano 500g,3,"$1.283,98"
08/02/2022,Pan Integral Fuente De Fibr BIMBO Bsa 350 Grm,2,"$982,82"
08/02/2022,Sal Fina . Dos Anclas Paq 500 Grm,3,"$235,78"
08/02/2022,Queso Cheddar Feteado ADLER 8un 144gr.,3,"$4.062,50"
08/02/2022,Caldo Verduras Maggi X12 Unidades,1,"$948,68"
08/02/2022,Oregano DOS ANCLAS Molido Sobre 25 Gr,1,"$359,16"
08/02/2022,Polvo Para Hornear ROYAL Frasco 100 Gr,1,"$1.650,10"
08/02/2022,Mostaza SAVORA Original 500 G,3,"$555,80"
08/02/2022,Queso Untable Clásico FINLANDIA Pot 290 Grm,1,"$2.259,13"
08/02/2022,Queso Unt Light . FINLANDIA Pot 290 Grm,1,"$2.259,13"
08/02/2022,Jamon Cocido Feteado Bocatti Bli 130 Grm,4,"$5.346,15"
08/02/2022,Choc.P/Taza Familiar Aguila Tab 225 Grm,3,"$2.935,51"
08/02/2022,Crema Leche P/Cocinar La Serenisi Ttb 330 Ml,2,"$1.557,57"
08/02/2022,Pan De Hamburguesa BIMBO Artesano 4u 240 Grm,3,"$1.429,12"
08/02/2022,Aceite Oliva Virgen COCINERO Botella 500 Ml,3,"$822,10"
08/02/2022,Agua Mineral Natural De Manantial Villavicencio 2 L,18,"$97,55"
